[{"id": "ONXsF7KBawsPF4fvzSbd9g", "alias": "krichians-grill-and-bistro-paterson", "name": "Krichian's Grill & Bistro", "image_url": "https://s3-media3.fl.yelpcdn.com/bphoto/yunEyvpi-EM7v7rOPJB4nQ/o.jpg", "is_closed": false, "url": "https://www.yelp.com/biz/krichians-grill-and-bistro-paterson?adjust_creative=5eN9XJbvGrZ_EWoOYuLppw&utm_campaign=yelp_api_v3&utm_medium=api_v3_business_search&utm_source=5eN9XJbvGrZ_EWoOYuLppw", "review_count": 44, "categories": [{"alias": "mideastern", "title": "Middle Eastern"}, {"alias": "armenian", "title": "Armenian"}], "rating": 4.5, "coordinates": {"latitude": 40.8919572428493, "longitude": -74.142263213745}, "transactions": ["pickup", "delivery"], "price": "$$", "location": {"address1": "399 Crooks Ave", "address2": "", "address3": "", "city": "Paterson", "zip_code": "07503", "country": "US", "state": "NJ", "display_address": ["399 Crooks Ave", "Paterson, NJ 07503"]}, "phone": "+19735691033", "display_phone": "(973) 569-1033", "distance": 20111.1773300817}, {"id": "0FaLilJs2VN83hOEBcBnPg", "alias": "au-zaatar-new-york", "name": "Au Za'atar", "image_url": "https://s3-media2.fl.yelpcdn.com/bphoto/dRtUTcMZdUgqdrdZQAz0tQ/o.jpg", "is_closed": false, "url": "https://www.yelp.com/biz/au-zaatar-new-york?adjust_creative=5eN9XJbvGrZ_EWoOYuLppw&utm_campaign=yelp_api_v3&utm_medium=api_v3_business_search&utm_source=5eN9XJbvGrZ_EWoOYuLppw", "review_count": 834, "categories": [{"alias": "wine_bars", "title": "Wine Bars"}, {"alias": "lebanese", "title": "Lebanese"}, {"alias": "mediterranean", "title": "Mediterranean"}], "rating": 4.0, "coordinates": {"latitude": 40.728901, "longitude": -73.981185}, "transactions": ["pickup", "delivery"], "price": "$$", "location": {"address1": "188 Avenue A", "address2": "", "address3": "", "city": "New York", "zip_code": "10009", "country": "US", "state": "NY", "display_address": ["188 Avenue A", "New York, NY 10009"]}, "phone": "+12122545660", "display_phone": "(212) 254-5660", "distance": 3489.281528088423}, {"id": "tV6Tgw6FS45BRHyQ207jag", "alias": "omars-mediterranean-east-midtown-new-york", "name": "Omar's Mediterranean East Midtown", "image_url": "https://s3-media3.fl.yelpcdn.com/bphoto/oZ7n4se0c8R5EbJ2yorDng/o.jpg", "is_closed": false, "url": "https://www.yelp.com/biz/omars-mediterranean-east-midtown-new-york?adjust_creative=5eN9XJbvGrZ_EWoOYuLppw&utm_campaign=yelp_api_v3&utm_medium=api_v3_business_search&utm_source=5eN9XJbvGrZ_EWoOYuLppw", "review_count": 601, "categories": [{"alias": "mideastern", "title": "Middle Eastern"}, {"alias": "mediterranean", "title": "Mediterranean"}, {"alias": "salad", "title": "Salad"}], "rating": 4.5, "coordinates": {"latitude": 40.75905, "longitude": -73.969273}, "transactions": ["pickup", "delivery"], "price": "$$", "location": {"address1": "154 E 55th St", "address2": "", "address3": "", "city": "New York", "zip_code": "10022", "country": "US", "state": "NY", "display_address": ["154 E 55th St", "New York, NY 10022"]}, "phone": "+12122078302", "display_phone": "(212) 207-8302", "distance": 787.8963312168416}, {"id": "B55Ocx5RBWxo6AGSucYSIA", "alias": "ilili-new-york-2", "name": "ilili", "image_url": "https://s3-media4.fl.yelpcdn.com/bphoto/uDoD1yzG5naCvmFYmklyAg/o.jpg", "is_closed": false, "url": "https://www.yelp.com/biz/ilili-new-york-2?adjust_creative=5eN9XJbvGrZ_EWoOYuLppw&utm_campaign=yelp_api_v3&utm_medium=api_v3_business_search&utm_source=5eN9XJbvGrZ_EWoOYuLppw", "review_count": 2380, "categories": [{"alias": "mediterranean", "title": "Mediterranean"}, {"alias": "lebanese", "title": "Lebanese"}, {"alias": "cocktailbars", "title": "Cocktail Bars"}], "rating": 4.0, "coordinates": {"latitude": 40.74435, "longitude": -73.98778}, "transactions": ["pickup", "delivery"], "price": "$$$", "location": {"address1": "236 5th Ave", "address2": "", "address3": "", "city": "New York", "zip_code": "10001", "country": "US", "state": "NY", "display_address": ["236 5th Ave", "New York, NY 10001"]}, "phone": "+12126832929", "display_phone": "(212) 683-2929", "distance": 1928.2856693841666}, {"id": "lxHKbp0hReRBPZcq4fUUow", "alias": "naya-mezze-and-grill-new-york", "name": "Naya Mezze & Grill", "image_url": "https://s3-media3.fl.yelpcdn.com/bphoto/-RMympk95ZSJfXPq6do9_w/o.jpg", "is_closed": false, "url": "https://www.yelp.com/biz/naya-mezze-and-grill-new-york?adjust_creative=5eN9XJbvGrZ_EWoOYuLppw&utm_campaign=yelp_api_v3&utm_medium=api_v3_business_search&utm_source=5eN9XJbvGrZ_EWoOYuLppw", "review_count": 508, "categories": [{"alias": "mideastern", "title": "Middle Eastern"}, {"alias": "mediterranean", "title": "Mediterranean"}], "rating": 4.0, "coordinates": {"latitude": 40.758541, "longitude": -73.966255}, "transactions": ["pickup", "delivery"], "price": "$$", "location": {"address1": "1057 2nd Ave", "address2": null, "address3": "", "city": "New York", "zip_code": "10022", "country": "US", "state": "NY", "display_address": ["1057 2nd Ave", "New York, NY 10022"]}, "phone": "+12123197777", "display_phone": "(212) 319-7777", "distance": 1061.8275405621919}, {"id": "VSPkVw9gSQx-5v4A6aC_YA", "alias": "manousheh-new-york-2", "name": "Manousheh", "image_url": "https://s3-media3.fl.yelpcdn.com/bphoto/NgLNqhiST1g_t3TCSGdqTA/o.jpg", "is_closed": false, "url": "https://www.yelp.com/biz/manousheh-new-york-2?adjust_creative=5eN9XJbvGrZ_EWoOYuLppw&utm_campaign=yelp_api_v3&utm_medium=api_v3_business_search&utm_source=5eN9XJbvGrZ_EWoOYuLppw", "review_count": 426, "categories": [{"alias": "lebanese", "title": "Lebanese"}, {"alias": "halal", "title": "Halal"}, {"alias": "sandwiches", "title": "Sandwiches"}], "rating": 4.5, "coordinates": {"latitude": 40.7293499, "longitude": -74.00134}, "transactions": ["pickup", "delivery"], "price": "$", "location": {"address1": "193 Bleecker St", "address2": "", "address3": "", "city": "New York", "zip_code": "10012", "country": "US", "state": "NY", "display_address": ["193 Bleecker St", "New York, NY 10012"]}, "phone": "+13479715778", "display_phone": "(347) 971-5778", "distance": 3924.0917264380987}, {"id": "ExvoimQ4LzY3UWtZ6m6Lgw", "alias": "ravagh-persian-grill-new-york-2", "name": "Ravagh Persian Grill", "image_url": "https://s3-media1.fl.yelpcdn.com/bphoto/z9dMbLy0nCY1eUKMVGiryQ/o.jpg", "is_closed": false, "url": "https://www.yelp.com/biz/ravagh-persian-grill-new-york-2?adjust_creative=5eN9XJbvGrZ_EWoOYuLppw&utm_campaign=yelp_api_v3&utm_medium=api_v3_business_search&utm_source=5eN9XJbvGrZ_EWoOYuLppw", "review_count": 770, "categories": [{"alias": "mideastern", "title": "Middle Eastern"}, {"alias": "persian", "title": "Persian/Iranian"}, {"alias": "mediterranean", "title": "Mediterranean"}], "rating": 4.0, "coordinates": {"latitude": 40.74564, "longitude": -73.9855}, "transactions": ["pickup", "delivery"], "price": "$$", "location": {"address1": "11 E 30th St", "address2": "", "address3": "", "city": "New York", "zip_code": "10016", "country": "US", "state": "NY", "display_address": ["11 E 30th St", "New York, NY 10016"]}, "phone": "+12126960300", "display_phone": "(212) 696-0300", "distance": 1727.7576776097123}, {"id": "IxFTW7805MrWpbV4RbSFhw", "alias": "little-rascal-new-york", "name": "Little Rascal", "image_url": "https://s3-media2.fl.yelpcdn.com/bphoto/Hjmy8S4-BaJltjWVMySGgg/o.jpg", "is_closed": false, "url": "https://www.yelp.com/biz/little-rascal-new-york?adjust_creative=5eN9XJbvGrZ_EWoOYuLppw&utm_campaign=yelp_api_v3&utm_medium=api_v3_business_search&utm_source=5eN9XJbvGrZ_EWoOYuLppw", "review_count": 224, "categories": [{"alias": "mideastern", "title": "Middle Eastern"}, {"alias": "turkish", "title": "Turkish"}, {"alias": "mediterranean", "title": "Mediterranean"}], "rating": 4.0, "coordinates": {"latitude": 40.7208633, "longitude": -73.9950497}, "transactions": ["pickup", "delivery"], "price": "$$", "location": {"address1": "163 Elizabeth St", "address2": "", "address3": "", "city": "New York", "zip_code": "10012", "country": "US", "state": "NY", "display_address": ["163 Elizabeth St", "New York, NY 10012"]}, "phone": "+12129660446", "display_phone": "(212) 966-0446", "distance": 4593.202982068962}, {"id": "9gdokGFQBUqLDItNCCY3YA", "alias": "sayat-nova-restaurant-hackensack", "name": "Sayat Nova Restaurant", "image_url": "https://s3-media2.fl.yelpcdn.com/bphoto/duw8kU9G4oKOBbkdNVr4tg/o.jpg", "is_closed": false, "url": "https://www.yelp.com/biz/sayat-nova-restaurant-hackensack?adjust_creative=5eN9XJbvGrZ_EWoOYuLppw&utm_campaign=yelp_api_v3&utm_medium=api_v3_business_search&utm_source=5eN9XJbvGrZ_EWoOYuLppw", "review_count": 36, "categories": [{"alias": "mideastern", "title": "Middle Eastern"}, {"alias": "mediterranean", "title": "Mediterranean"}], "rating": 4.0, "coordinates": {"latitude": 40.881, "longitude": -74.04424}, "transactions": ["pickup", "delivery"], "price": "$$", "location": {"address1": "91 Main St", "address2": null, "address3": "", "city": "Hackensack", "zip_code": "07601", "country": "US", "state": "NJ", "display_address": ["91 Main St", "Hackensack, NJ 07601"]}, "phone": "+12018809434", "display_phone": "(201) 880-9434", "distance": 14526.652701497947}, {"id": "Rj2ACaJcbroJLPDhRhzvBw", "alias": "shuka-new-york-3", "name": "Shuka", "image_url": "https://s3-media1.fl.yelpcdn.com/bphoto/s46eH_qJRLtAXaJguMg-VQ/o.jpg", "is_closed": false, "url": "https://www.yelp.com/biz/shuka-new-york-3?adjust_creative=5eN9XJbvGrZ_EWoOYuLppw&utm_campaign=yelp_api_v3&utm_medium=api_v3_business_search&utm_source=5eN9XJbvGrZ_EWoOYuLppw", "review_count": 450, "categories": [{"alias": "mediterranean", "title": "Mediterranean"}, {"alias": "cocktailbars", "title": "Cocktail Bars"}], "rating": 4.0, "coordinates": {"latitude": 40.72707, "longitude": -74.00283}, "transactions": [], "price": "$$", "location": {"address1": "38 MacDougal St", "address2": "", "address3": null, "city": "New York", "zip_code": "10012", "country": "US", "state": "NY", "display_address": ["38 MacDougal St", "New York, NY 10012"]}, "phone": "+12124757500", "display_phone": "(212) 475-7500", "distance": 4217.946685020116}, {"id": "RJnCxu9gAbYmCftd5BMOMg", "alias": "nanoosh-new-york", "name": "Nanoosh", "image_url": "https://s3-media3.fl.yelpcdn.com/bphoto/iIlfwrpQzs8KR2_Wpr4sYQ/o.jpg", "is_closed": false, "url": "https://www.yelp.com/biz/nanoosh-new-york?adjust_creative=5eN9XJbvGrZ_EWoOYuLppw&utm_campaign=yelp_api_v3&utm_medium=api_v3_business_search&utm_source=5eN9XJbvGrZ_EWoOYuLppw", "review_count": 422, "categories": [{"alias": "mideastern", "title": "Middle Eastern"}, {"alias": "mediterranean", "title": "Mediterranean"}, {"alias": "vegetarian", "title": "Vegetarian"}], "rating": 3.5, "coordinates": {"latitude": 40.77586, "longitude": -73.98165}, "transactions": ["pickup", "delivery"], "price": "$$", "location": {"address1": "2012 Broadway", "address2": "", "address3": "", "city": "New York", "zip_code": "10023", "country": "US", "state": "NY", "display_address": ["2012 Broadway", "New York, NY 10023"]}, "phone": "+12123627922", "display_phone": "(212) 362-7922", "distance": 1760.83899622995}, {"id": "_-EQR2vNYg-b1eZwAgp6JQ", "alias": "tanoreen-brooklyn-2", "name": "Tanoreen", "image_url": "https://s3-media2.fl.yelpcdn.com/bphoto/bpdxzUoAWTsqLFGCvgjNSA/o.jpg", "is_closed": false, "url": "https://www.yelp.com/biz/tanoreen-brooklyn-2?adjust_creative=5eN9XJbvGrZ_EWoOYuLppw&utm_campaign=yelp_api_v3&utm_medium=api_v3_business_search&utm_source=5eN9XJbvGrZ_EWoOYuLppw", "review_count": 829, "categories": [{"alias": "mideastern", "title": "Middle Eastern"}, {"alias": "mediterranean", "title": "Mediterranean"}, {"alias": "halal", "title": "Halal"}], "rating": 4.0, "coordinates": {"latitude": 40.6308, "longitude": -74.02775}, "transactions": ["pickup", "delivery"], "price": "$$", "location": {"address1": "7523 3rd Ave", "address2": "", "address3": "", "city": "Brooklyn", "zip_code": "11209", "country": "US", "state": "NY", "display_address": ["7523 3rd Ave", "Brooklyn, NY 11209"]}, "phone": "+17187485600", "display_phone": "(718) 748-5600", "distance": 14979.042541093515}, {"id": "lUpyqsKw-IBqsMgYIHZj7Q", "alias": "balade-new-york", "name": "Balade", "image_url": "https://s3-media4.fl.yelpcdn.com/bphoto/ioQDiUhm-Ya_Qfged9Owgw/o.jpg", "is_closed": false, "url": "https://www.yelp.com/biz/balade-new-york?adjust_creative=5eN9XJbvGrZ_EWoOYuLppw&utm_campaign=yelp_api_v3&utm_medium=api_v3_business_search&utm_source=5eN9XJbvGrZ_EWoOYuLppw", "review_count": 695, "categories": [{"alias": "mediterranean", "title": "Mediterranean"}, {"alias": "lebanese", "title": "Lebanese"}, {"alias": "halal", "title": "Halal"}], "rating": 4.0, "coordinates": {"latitude": 40.730251, "longitude": -73.983001}, "transactions": ["pickup", "delivery"], "price": "$$", "location": {"address1": "208 1st Ave", "address2": "", "address3": "", "city": "New York", "zip_code": "10009", "country": "US", "state": "NY", "display_address": ["208 1st Ave", "New York, NY 10009"]}, "phone": "+12125296868", "display_phone": "(212) 529-6868", "distance": 3351.3737909308925}, {"id": "OaLbgr9ardChJ90u16Ik9g", "alias": "kazuza-new-york", "name": "Kazuza", "image_url": "https://s3-media4.fl.yelpcdn.com/bphoto/eh_6kegz7SycE9cZ2KDVMA/o.jpg", "is_closed": false, "url": "https://www.yelp.com/biz/kazuza-new-york?adjust_creative=5eN9XJbvGrZ_EWoOYuLppw&utm_campaign=yelp_api_v3&utm_medium=api_v3_business_search&utm_source=5eN9XJbvGrZ_EWoOYuLppw", "review_count": 486, "categories": [{"alias": "hookah_bars", "title": "Hookah Bars"}, {"alias": "mideastern", "title": "Middle Eastern"}, {"alias": "mediterranean", "title": "Mediterranean"}], "rating": 4.0, "coordinates": {"latitude": 40.72602, "longitude": -73.98393}, "transactions": [], "price": "$$", "location": {"address1": "107 Ave A", "address2": "", "address3": "", "city": "New York", "zip_code": "10009", "country": "US", "state": "NY", "display_address": ["107 Ave A", "New York, NY 10009"]}, "phone": "+12125059300", "display_phone": "(212) 505-9300", "distance": 3828.730735201298}, {"id": "vx2JV9juVzSBRGWHOZCTAQ", "alias": "aba-turkish-restaurant-new-york", "name": "ABA Turkish Restaurant", "image_url": "https://s3-media3.fl.yelpcdn.com/bphoto/8sIPQpR3t7EfseDcXitnug/o.jpg", "is_closed": false, "url": "https://www.yelp.com/biz/aba-turkish-restaurant-new-york?adjust_creative=5eN9XJbvGrZ_EWoOYuLppw&utm_campaign=yelp_api_v3&utm_medium=api_v3_business_search&utm_source=5eN9XJbvGrZ_EWoOYuLppw", "review_count": 504, "categories": [{"alias": "turkish", "title": "Turkish"}, {"alias": "mediterranean", "title": "Mediterranean"}, {"alias": "halal", "title": "Halal"}], "rating": 4.0, "coordinates": {"latitude": 40.7672794037324, "longitude": -73.9838727571167}, "transactions": ["pickup", "delivery"], "price": "$$", "location": {"address1": "325 W 57th St", "address2": "", "address3": "", "city": "New York", "zip_code": "10019", "country": "US", "state": "NY", "display_address": ["325 W 57th St", "New York, NY 10019"]}, "phone": "+12126559368", "display_phone": "(212) 655-9368", "distance": 906.5246881540436}, {"id": "G2bUXNwpD3uf2AdmD1b_Pg", "alias": "gazala-place-new-york-3", "name": "Gazala Place", "image_url": "https://s3-media2.fl.yelpcdn.com/bphoto/MdDU8qDoGNQusri6q_KvPA/o.jpg", "is_closed": false, "url": "https://www.yelp.com/biz/gazala-place-new-york-3?adjust_creative=5eN9XJbvGrZ_EWoOYuLppw&utm_campaign=yelp_api_v3&utm_medium=api_v3_business_search&utm_source=5eN9XJbvGrZ_EWoOYuLppw", "review_count": 373, "categories": [{"alias": "mideastern", "title": "Middle Eastern"}, {"alias": "mediterranean", "title": "Mediterranean"}], "rating": 3.5, "coordinates": {"latitude": 40.76265, "longitude": -73.98978}, "transactions": ["pickup", "delivery"], "price": "$$", "location": {"address1": "709 9th Ave", "address2": "", "address3": "", "city": "New York", "zip_code": "10019", "country": "US", "state": "NY", "display_address": ["709 9th Ave", "New York, NY 10019"]}, "phone": "+12122450709", "display_phone": "(212) 245-0709", "distance": 1005.9518163585655}, {"id": "N9OihQ22xLyfeDRSZoDCVQ", "alias": "beyoglu-new-york", "name": "Beyoglu", "image_url": "https://s3-media3.fl.yelpcdn.com/bphoto/7OF1h5h0HC6FGJU9CrqzGA/o.jpg", "is_closed": false, "url": "https://www.yelp.com/biz/beyoglu-new-york?adjust_creative=5eN9XJbvGrZ_EWoOYuLppw&utm_campaign=yelp_api_v3&utm_medium=api_v3_business_search&utm_source=5eN9XJbvGrZ_EWoOYuLppw", "review_count": 1137, "categories": [{"alias": "turkish", "title": "Turkish"}, {"alias": "mediterranean", "title": "Mediterranean"}], "rating": 4.0, "coordinates": {"latitude": 40.7754199, "longitude": -73.9562399}, "transactions": [], "price": "$$", "location": {"address1": "1431 3rd Ave", "address2": "", "address3": "", "city": "New York", "zip_code": "10028", "country": "US", "state": "NY", "display_address": ["1431 3rd Ave", "New York, NY 10028"]}, "phone": "+12126500850", "display_phone": "(212) 650-0850", "distance": 2526.227425565353}, {"id": "SYTBg4SzYuZxrxK3YDU2xg", "alias": "cheburechnaya-rego-park", "name": "Cheburechnaya", "image_url": "https://s3-media3.fl.yelpcdn.com/bphoto/YIWVRfVWbG4YnHiG-BxXTw/o.jpg", "is_closed": false, "url": "https://www.yelp.com/biz/cheburechnaya-rego-park?adjust_creative=5eN9XJbvGrZ_EWoOYuLppw&utm_campaign=yelp_api_v3&utm_medium=api_v3_business_search&utm_source=5eN9XJbvGrZ_EWoOYuLppw", "review_count": 253, "categories": [{"alias": "kosher", "title": "Kosher"}, {"alias": "russian", "title": "Russian"}, {"alias": "uzbek", "title": "Uzbek"}], "rating": 4.0, "coordinates": {"latitude": 40.7275992341691, "longitude": -73.8640816882253}, "transactions": ["pickup", "delivery"], "price": "$$", "location": {"address1": "9209 63rd Dr", "address2": "Ste A", "address3": "", "city": "Rego Park", "zip_code": "11374", "country": "US", "state": "NY", "display_address": ["9209 63rd Dr", "Ste A", "Rego Park, NY 11374"]}, "phone": "+17188979080", "display_phone": "(718) 897-9080", "distance": 10298.888733989836}, {"id": "6G0urbBDz_CnYnGXApgUcw", "alias": "boutros-brooklyn", "name": "Boutros", "image_url": "https://s3-media1.fl.yelpcdn.com/bphoto/4EBj2mVVTlEU-7GoDeZq5w/o.jpg", "is_closed": false, "url": "https://www.yelp.com/biz/boutros-brooklyn?adjust_creative=5eN9XJbvGrZ_EWoOYuLppw&utm_campaign=yelp_api_v3&utm_medium=api_v3_business_search&utm_source=5eN9XJbvGrZ_EWoOYuLppw", "review_count": 116, "categories": [{"alias": "newamerican", "title": "American (New)"}, {"alias": "mideastern", "title": "Middle Eastern"}, {"alias": "cocktailbars", "title": "Cocktail Bars"}], "rating": 4.5, "coordinates": {"latitude": 40.6901481293837, "longitude": -73.9935445412993}, "transactions": ["pickup", "delivery"], "price": "$$$", "location": {"address1": "185 Atlantic Ave", "address2": "", "address3": null, "city": "Brooklyn", "zip_code": "11201", "country": "US", "state": "NY", "display_address": ["185 Atlantic Ave", "Brooklyn, NY 11201"]}, "phone": "+17184030055", "display_phone": "(718) 403-0055", "distance": 7893.531833613837}, {"id": "WUu7ZxH0y5Fp1G1hLrFxRQ", "alias": "marmaris-cafe-edgewater-3", "name": "Marmaris Cafe", "image_url": "https://s3-media1.fl.yelpcdn.com/bphoto/usKO5OfLI8uWMGK_r1rkaw/o.jpg", "is_closed": false, "url": "https://www.yelp.com/biz/marmaris-cafe-edgewater-3?adjust_creative=5eN9XJbvGrZ_EWoOYuLppw&utm_campaign=yelp_api_v3&utm_medium=api_v3_business_search&utm_source=5eN9XJbvGrZ_EWoOYuLppw", "review_count": 331, "categories": [{"alias": "turkish", "title": "Turkish"}, {"alias": "halal", "title": "Halal"}, {"alias": "mideastern", "title": "Middle Eastern"}], "rating": 4.0, "coordinates": {"latitude": 40.8230585448331, "longitude": -73.9759795390396}, "transactions": ["pickup"], "price": "$$", "location": {"address1": "820 River Rd", "address2": "", "address3": "", "city": "Edgewater", "zip_code": "07020", "country": "US", "state": "NJ", "display_address": ["820 River Rd", "Edgewater, NJ 07020"]}, "phone": "+12019439090", "display_phone": "(201) 943-9090", "distance": 6991.107148774025}, {"id": "XCpvVDi-eMDid3s6LrDIuw", "alias": "sido-falafel-and-more-new-york-2", "name": "Sido Falafel & More", "image_url": "https://s3-media2.fl.yelpcdn.com/bphoto/hi4gTgUaHxNqcAkccmgXeA/o.jpg", "is_closed": false, "url": "https://www.yelp.com/biz/sido-falafel-and-more-new-york-2?adjust_creative=5eN9XJbvGrZ_EWoOYuLppw&utm_campaign=yelp_api_v3&utm_medium=api_v3_business_search&utm_source=5eN9XJbvGrZ_EWoOYuLppw", "review_count": 165, "categories": [{"alias": "falafel", "title": "Falafel"}], "rating": 4.0, "coordinates": {"latitude": 40.7775898, "longitude": -73.9785419}, "transactions": ["pickup", "delivery"], "price": "$", "location": {"address1": "267 Columbus Ave", "address2": "", "address3": "", "city": "New York", "zip_code": "10023", "country": "US", "state": "NY", "display_address": ["267 Columbus Ave", "New York, NY 10023"]}, "phone": "+12124962803", "display_phone": "(212) 496-2803", "distance": 1933.944084470799}, {"id": "XEugUtbw4rRmGr9S1XA-aQ", "alias": "alta-new-york", "name": "Alta", "image_url": "https://s3-media1.fl.yelpcdn.com/bphoto/aUWGUNBLw-mbQZOzJ9-Pdw/o.jpg", "is_closed": false, "url": "https://www.yelp.com/biz/alta-new-york?adjust_creative=5eN9XJbvGrZ_EWoOYuLppw&utm_campaign=yelp_api_v3&utm_medium=api_v3_business_search&utm_source=5eN9XJbvGrZ_EWoOYuLppw", "review_count": 1897, "categories": [{"alias": "tapas", "title": "Tapas Bars"}, {"alias": "mediterranean", "title": "Mediterranean"}, {"alias": "spanish", "title": "Spanish"}], "rating": 4.0, "coordinates": {"latitude": 40.7345163811398, "longitude": -73.9983369619683}, "transactions": ["restaurant_reservation"], "price": "$$$", "location": {"address1": "64 W 10th St", "address2": "", "address3": "", "city": "New York", "zip_code": "10011", "country": "US", "state": "NY", "display_address": ["64 W 10th St", "New York, NY 10011"]}, "phone": "+12125057777", "display_phone": "(212) 505-7777", "distance": 3310.2795176581812}, {"id": "JdXqygDw4yXQcy5lw9VI4A", "alias": "oasis-brooklyn-3", "name": "Oasis", "image_url": "https://s3-media2.fl.yelpcdn.com/bphoto/Ik3akYCvCO_12vyCXx_Xug/o.jpg", "is_closed": false, "url": "https://www.yelp.com/biz/oasis-brooklyn-3?adjust_creative=5eN9XJbvGrZ_EWoOYuLppw&utm_campaign=yelp_api_v3&utm_medium=api_v3_business_search&utm_source=5eN9XJbvGrZ_EWoOYuLppw", "review_count": 616, "categories": [{"alias": "mideastern", "title": "Middle Eastern"}, {"alias": "falafel", "title": "Falafel"}], "rating": 4.0, "coordinates": {"latitude": 40.718314, "longitude": -73.9575396}, "transactions": ["pickup", "delivery"], "price": "$", "location": {"address1": "168 Bedford Ave", "address2": null, "address3": "", "city": "Brooklyn", "zip_code": "11249", "country": "US", "state": "NY", "display_address": ["168 Bedford Ave", "Brooklyn, NY 11249"]}, "phone": "+17183894680", "display_phone": "(718) 389-4680", "distance": 4982.612796955779}, {"id": "vKMMLcGZ3TpJJ8Jr3cl_pg", "alias": "nouri-cafe-paterson-4", "name": "nouri.cafe", "image_url": "https://s3-media4.fl.yelpcdn.com/bphoto/KfDXoH1MFh4_NacHs4Vt4w/o.jpg", "is_closed": false, "url": "https://www.yelp.com/biz/nouri-cafe-paterson-4?adjust_creative=5eN9XJbvGrZ_EWoOYuLppw&utm_campaign=yelp_api_v3&utm_medium=api_v3_business_search&utm_source=5eN9XJbvGrZ_EWoOYuLppw", "review_count": 21, "categories": [{"alias": "mediterranean", "title": "Mediterranean"}, {"alias": "mideastern", "title": "Middle Eastern"}], "rating": 4.5, "coordinates": {"latitude": 40.89387, "longitude": -74.1583799}, "transactions": ["pickup", "delivery"], "location": {"address1": "1003 Main St", "address2": null, "address3": "", "city": "Paterson", "zip_code": "07503", "country": "US", "state": "NJ", "display_address": ["1003 Main St", "Paterson, NJ 07503"]}, "phone": "+19738818819", "display_phone": "(973) 881-8819", "distance": 21210.120547417875}, {"id": "eW7kDF_1PT0CBbKA0sjLfA", "alias": "souk-el-shater-sunnyside", "name": "Souk El Shater", "image_url": "https://s3-media1.fl.yelpcdn.com/bphoto/Rbi2zAmwFr5RakcZVQP64Q/o.jpg", "is_closed": false, "url": "https://www.yelp.com/biz/souk-el-shater-sunnyside?adjust_creative=5eN9XJbvGrZ_EWoOYuLppw&utm_campaign=yelp_api_v3&utm_medium=api_v3_business_search&utm_source=5eN9XJbvGrZ_EWoOYuLppw", "review_count": 219, "categories": [{"alias": "lebanese", "title": "Lebanese"}, {"alias": "falafel", "title": "Falafel"}], "rating": 4.5, "coordinates": {"latitude": 40.74385, "longitude": -73.92113}, "transactions": [], "price": "$", "location": {"address1": "43-03 Queens Blvd", "address2": "", "address3": "", "city": "Sunnyside", "zip_code": "11104", "country": "US", "state": "NY", "display_address": ["43-03 Queens Blvd", "Sunnyside, NY 11104"]}, "phone": "+17183922702", "display_phone": "(718) 392-2702", "distance": 5165.68923186003}, {"id": "nc4waFPJppF8lk_z3ndumg", "alias": "middle-east-lahmajun-cliffside-park", "name": "Middle East Lahmajun", "image_url": "https://s3-media3.fl.yelpcdn.com/bphoto/Em1YcT0yd8TRxJmC-tU-RA/o.jpg", "is_closed": false, "url": "https://www.yelp.com/biz/middle-east-lahmajun-cliffside-park?adjust_creative=5eN9XJbvGrZ_EWoOYuLppw&utm_campaign=yelp_api_v3&utm_medium=api_v3_business_search&utm_source=5eN9XJbvGrZ_EWoOYuLppw", "review_count": 5, "categories": [{"alias": "mideastern", "title": "Middle Eastern"}], "rating": 3.0, "coordinates": {"latitude": 40.8184, "longitude": -73.99365}, "transactions": [], "price": "$$", "location": {"address1": "355 Anderson Ave", "address2": "", "address3": "", "city": "Cliffside Park", "zip_code": "07010", "country": "US", "state": "NJ", "display_address": ["355 Anderson Ave", "Cliffside Park, NJ 07010"]}, "phone": "+12019415662", "display_phone": "(201) 941-5662", "distance": 6589.169511040721}, {"id": "HcWm-9ZZu2_brnuRxN5Gpg", "alias": "tutt-cafe-brooklyn", "name": "Tutt Cafe", "image_url": "https://s3-media2.fl.yelpcdn.com/bphoto/sS2AuABDy5yKej9v4Ank7Q/o.jpg", "is_closed": false, "url": "https://www.yelp.com/biz/tutt-cafe-brooklyn?adjust_creative=5eN9XJbvGrZ_EWoOYuLppw&utm_campaign=yelp_api_v3&utm_medium=api_v3_business_search&utm_source=5eN9XJbvGrZ_EWoOYuLppw", "review_count": 226, "categories": [{"alias": "mideastern", "title": "Middle Eastern"}, {"alias": "sandwiches", "title": "Sandwiches"}, {"alias": "coffee", "title": "Coffee & Tea"}], "rating": 4.0, "coordinates": {"latitude": 40.700188, "longitude": -73.99322}, "transactions": ["pickup", "delivery"], "price": "$", "location": {"address1": "47 Hicks St", "address2": "", "address3": "", "city": "Brooklyn", "zip_code": "11201", "country": "US", "state": "NY", "display_address": ["47 Hicks St", "Brooklyn, NY 11201"]}, "phone": "+17187227777", "display_phone": "(718) 722-7777", "distance": 6788.433307303285}, {"id": "Qw3v8TwKBxpuZ9I27itPvg", "alias": "oba-mediterranean-gyro-and-grill-forest-hills", "name": "OBA Mediterranean Gyro & Grill", "image_url": "https://s3-media4.fl.yelpcdn.com/bphoto/2czyniynz9SwJGBVB1YvJw/o.jpg", "is_closed": false, "url": "https://www.yelp.com/biz/oba-mediterranean-gyro-and-grill-forest-hills?adjust_creative=5eN9XJbvGrZ_EWoOYuLppw&utm_campaign=yelp_api_v3&utm_medium=api_v3_business_search&utm_source=5eN9XJbvGrZ_EWoOYuLppw", "review_count": 303, "categories": [{"alias": "mediterranean", "title": "Mediterranean"}], "rating": 3.5, "coordinates": {"latitude": 40.720615, "longitude": -73.8456149}, "transactions": ["pickup", "delivery"], "price": "$$", "location": {"address1": "70-35 Austin St", "address2": "", "address3": null, "city": "Forest Hills", "zip_code": "11375", "country": "US", "state": "NY", "display_address": ["70-35 Austin St", "Forest Hills, NY 11375"]}, "phone": "+17185440915", "display_phone": "(718) 544-0915", "distance": 12024.756565297477}, {"id": "4IHwrP7F1F8fLuRI9_4c9w", "alias": "le-reve-new-york-2", "name": "Le Reve", "image_url": "https://s3-media2.fl.yelpcdn.com/bphoto/q1Qo9uYITPkTCyfsF-_Riw/o.jpg", "is_closed": false, "url": "https://www.yelp.com/biz/le-reve-new-york-2?adjust_creative=5eN9XJbvGrZ_EWoOYuLppw&utm_campaign=yelp_api_v3&utm_medium=api_v3_business_search&utm_source=5eN9XJbvGrZ_EWoOYuLppw", "review_count": 291, "categories": [{"alias": "mediterranean", "title": "Mediterranean"}, {"alias": "hookah_bars", "title": "Hookah Bars"}, {"alias": "moroccan", "title": "Moroccan"}], "rating": 2.5, "coordinates": {"latitude": 40.759871, "longitude": -73.971123}, "transactions": ["pickup", "delivery"], "price": "$$", "location": {"address1": "125 E 54th St", "address2": null, "address3": "", "city": "New York", "zip_code": "10022", "country": "US", "state": "NY", "display_address": ["125 E 54th St", "New York, NY 10022"]}, "phone": "+12127597777", "display_phone": "(212) 759-7777", "distance": 622.531118398091}, {"id": "jCRblp7F5IbUSySK_Y7Qiw", "alias": "eons-greek-food-for-life-new-york", "name": "EONS Greek Food for Life", "image_url": "https://s3-media2.fl.yelpcdn.com/bphoto/aB0DOvTN8aHEYO7S_-Qu5Q/o.jpg", "is_closed": false, "url": "https://www.yelp.com/biz/eons-greek-food-for-life-new-york?adjust_creative=5eN9XJbvGrZ_EWoOYuLppw&utm_campaign=yelp_api_v3&utm_medium=api_v3_business_search&utm_source=5eN9XJbvGrZ_EWoOYuLppw", "review_count": 322, "categories": [{"alias": "greek", "title": "Greek"}, {"alias": "mediterranean", "title": "Mediterranean"}, {"alias": "salad", "title": "Salad"}], "rating": 4.0, "coordinates": {"latitude": 40.74528, "longitude": -73.97588}, "transactions": ["pickup", "delivery"], "price": "$$", "location": {"address1": "633 2nd Ave", "address2": "", "address3": "", "city": "New York", "zip_code": "10016", "country": "US", "state": "NY", "display_address": ["633 2nd Ave", "New York, NY 10016"]}, "phone": "+12126961234", "display_phone": "(212) 696-1234", "distance": 1677.1717723953204}, {"id": "BC9DVugTCxNGzLr4ZhGINw", "alias": "elia-east-rutherford-4", "name": "Elia", "image_url": "https://s3-media1.fl.yelpcdn.com/bphoto/clWa8wfo2UjT-axZzV112w/o.jpg", "is_closed": false, "url": "https://www.yelp.com/biz/elia-east-rutherford-4?adjust_creative=5eN9XJbvGrZ_EWoOYuLppw&utm_campaign=yelp_api_v3&utm_medium=api_v3_business_search&utm_source=5eN9XJbvGrZ_EWoOYuLppw", "review_count": 187, "categories": [{"alias": "mediterranean", "title": "Mediterranean"}, {"alias": "seafood", "title": "Seafood"}], "rating": 4.0, "coordinates": {"latitude": 40.8281599, "longitude": -74.09734}, "transactions": ["delivery"], "price": "$$", "location": {"address1": "240 Hackensack St", "address2": "", "address3": null, "city": "East Rutherford", "zip_code": "07073", "country": "US", "state": "NJ", "display_address": ["240 Hackensack St", "East Rutherford, NJ 07073"]}, "phone": "+12019399292", "display_phone": "(201) 939-9292", "distance": 12531.845129132525}, {"id": "bkYcT19Fyb95H_qjnVcIQw", "alias": "the-bosphorus-nutley-5", "name": "The Bosphorus", "image_url": "https://s3-media1.fl.yelpcdn.com/bphoto/YAr34WqpO2pio6ZHWmLvCg/o.jpg", "is_closed": false, "url": "https://www.yelp.com/biz/the-bosphorus-nutley-5?adjust_creative=5eN9XJbvGrZ_EWoOYuLppw&utm_campaign=yelp_api_v3&utm_medium=api_v3_business_search&utm_source=5eN9XJbvGrZ_EWoOYuLppw", "review_count": 446, "categories": [{"alias": "mediterranean", "title": "Mediterranean"}, {"alias": "turkish", "title": "Turkish"}, {"alias": "halal", "title": "Halal"}], "rating": 4.5, "coordinates": {"latitude": 40.8152626921391, "longitude": -74.1618162766099}, "transactions": ["pickup"], "price": "$$", "location": {"address1": "226 Franklin Ave", "address2": null, "address3": "", "city": "Nutley", "zip_code": "07110", "country": "US", "state": "NJ", "display_address": ["226 Franklin Ave", "Nutley, NJ 07110"]}, "phone": "+19735428440", "display_phone": "(973) 542-8440", "distance": 16602.788633345237}, {"id": "OYeIasyGnl8DL8zgYVW3ow", "alias": "stix-kosher-restaurant-forest-hills", "name": "Stix Kosher Restaurant", "image_url": "https://s3-media4.fl.yelpcdn.com/bphoto/FJcS6_VJh79e8wI2y0HVWA/o.jpg", "is_closed": false, "url": "https://www.yelp.com/biz/stix-kosher-restaurant-forest-hills?adjust_creative=5eN9XJbvGrZ_EWoOYuLppw&utm_campaign=yelp_api_v3&utm_medium=api_v3_business_search&utm_source=5eN9XJbvGrZ_EWoOYuLppw", "review_count": 200, "categories": [{"alias": "kosher", "title": "Kosher"}, {"alias": "mideastern", "title": "Middle Eastern"}, {"alias": "uzbek", "title": "Uzbek"}], "rating": 4.0, "coordinates": {"latitude": 40.726556, "longitude": -73.851522}, "transactions": ["pickup", "delivery"], "price": "$$", "location": {"address1": "10115 Queens Blvd", "address2": "", "address3": "", "city": "Forest Hills", "zip_code": "11375", "country": "US", "state": "NY", "display_address": ["10115 Queens Blvd", "Forest Hills, NY 11375"]}, "phone": "+17182755566", "display_phone": "(718) 275-5566", "distance": 11333.208907085844}, {"id": "diUPT_muypq7W7dGSuSB-Q", "alias": "lamezza-englewood", "name": "La'Mezza", "image_url": "https://s3-media2.fl.yelpcdn.com/bphoto/W1ZwlSwpAVv4eSjcD3lgoA/o.jpg", "is_closed": false, "url": "https://www.yelp.com/biz/lamezza-englewood?adjust_creative=5eN9XJbvGrZ_EWoOYuLppw&utm_campaign=yelp_api_v3&utm_medium=api_v3_business_search&utm_source=5eN9XJbvGrZ_EWoOYuLppw", "review_count": 180, "categories": [{"alias": "mediterranean", "title": "Mediterranean"}, {"alias": "seafood", "title": "Seafood"}, {"alias": "lebanese", "title": "Lebanese"}], "rating": 3.5, "coordinates": {"latitude": 40.895738, "longitude": -73.976122}, "transactions": ["pickup"], "price": "$$", "location": {"address1": "63 Nathaniel Pl", "address2": "", "address3": "", "city": "Englewood", "zip_code": "07631", "country": "US", "state": "NJ", "display_address": ["63 Nathaniel Pl", "Englewood, NJ 07631"]}, "phone": "+12015692662", "display_phone": "(201) 569-2662", "distance": 15070.791862634083}, {"id": "deJwwVdY2L88MAMKxE5S7A", "alias": "king-of-falafel-and-shawarma-restaurant-astoria", "name": "King of Falafel & Shawarma - Restaurant", "image_url": "https://s3-media4.fl.yelpcdn.com/bphoto/1_G3PovyPRUq1aX3URq6Ag/o.jpg", "is_closed": false, "url": "https://www.yelp.com/biz/king-of-falafel-and-shawarma-restaurant-astoria?adjust_creative=5eN9XJbvGrZ_EWoOYuLppw&utm_campaign=yelp_api_v3&utm_medium=api_v3_business_search&utm_source=5eN9XJbvGrZ_EWoOYuLppw", "review_count": 275, "categories": [{"alias": "halal", "title": "Halal"}, {"alias": "mideastern", "title": "Middle Eastern"}], "rating": 4.0, "coordinates": {"latitude": 40.7621880914364, "longitude": -73.9255477918848}, "transactions": ["pickup", "delivery"], "price": "$$", "location": {"address1": "30-15 Broadway", "address2": "", "address3": "", "city": "Astoria", "zip_code": "11106", "country": "US", "state": "NY", "display_address": ["30-15 Broadway", "Astoria, NY 11106"]}, "phone": "+17183408068", "display_phone": "(718) 340-8068", "distance": 4465.223526702345}, {"id": "Gi8HGtzVrxTg02IBXpSClw", "alias": "a-la-turka-new-york", "name": "A La Turka", "image_url": "https://s3-media1.fl.yelpcdn.com/bphoto/wM-SlanVT_Wf1uaSZd8axQ/o.jpg", "is_closed": false, "url": "https://www.yelp.com/biz/a-la-turka-new-york?adjust_creative=5eN9XJbvGrZ_EWoOYuLppw&utm_campaign=yelp_api_v3&utm_medium=api_v3_business_search&utm_source=5eN9XJbvGrZ_EWoOYuLppw", "review_count": 361, "categories": [{"alias": "turkish", "title": "Turkish"}], "rating": 3.5, "coordinates": {"latitude": 40.77013, "longitude": -73.95774}, "transactions": ["pickup", "delivery"], "price": "$$", "location": {"address1": "1417 2nd Ave", "address2": null, "address3": "", "city": "New York", "zip_code": "10021", "country": "US", "state": "NY", "display_address": ["1417 2nd Ave", "New York, NY 10021"]}, "phone": "+12127442424", "display_phone": "(212) 744-2424", "distance": 2068.0199283286847}, {"id": "jaltLUsCUn_7psy_iSZ5fA", "alias": "salute-forest-hills-3", "name": "Salute", "image_url": "https://s3-media3.fl.yelpcdn.com/bphoto/JAHswe8qozTtFubAzu6A0Q/o.jpg", "is_closed": false, "url": "https://www.yelp.com/biz/salute-forest-hills-3?adjust_creative=5eN9XJbvGrZ_EWoOYuLppw&utm_campaign=yelp_api_v3&utm_medium=api_v3_business_search&utm_source=5eN9XJbvGrZ_EWoOYuLppw", "review_count": 99, "categories": [{"alias": "russian", "title": "Russian"}, {"alias": "uzbek", "title": "Uzbek"}], "rating": 3.5, "coordinates": {"latitude": 40.7334193, "longitude": -73.8496439}, "transactions": [], "price": "$$", "location": {"address1": "6361 108th St", "address2": "", "address3": "", "city": "Forest Hills", "zip_code": "11375", "country": "US", "state": "NY", "display_address": ["6361 108th St", "Forest Hills, NY 11375"]}, "phone": "+17182756860", "display_phone": "(718) 275-6860", "distance": 11268.073058946418}, {"id": "EaBfDaigEFng3HRKlfH88A", "alias": "dayinin-yeri-cliffside-park", "name": "Dayi'nin Yeri", "image_url": "https://s3-media2.fl.yelpcdn.com/bphoto/qfU3ewCWG11ooKooXlaxyw/o.jpg", "is_closed": false, "url": "https://www.yelp.com/biz/dayinin-yeri-cliffside-park?adjust_creative=5eN9XJbvGrZ_EWoOYuLppw&utm_campaign=yelp_api_v3&utm_medium=api_v3_business_search&utm_source=5eN9XJbvGrZ_EWoOYuLppw", "review_count": 242, "categories": [{"alias": "turkish", "title": "Turkish"}], "rating": 4.5, "coordinates": {"latitude": 40.81584, "longitude": -73.991}, "transactions": ["pickup", "delivery"], "price": "$$", "location": {"address1": "333 Palisade Ave", "address2": "", "address3": "", "city": "Cliffside Park", "zip_code": "07010", "country": "US", "state": "NJ", "display_address": ["333 Palisade Ave", "Cliffside Park, NJ 07010"]}, "phone": "+12018401770", "display_phone": "(201) 840-1770", "distance": 6282.551828764909}, {"id": "Znj2D9i2Rsc_PqaJhE_kFw", "alias": "al-basha-restaurant-paterson-2", "name": "Al Basha Restaurant", "image_url": "https://s3-media3.fl.yelpcdn.com/bphoto/ubbmZ3ErMZDsOt57knyJxg/o.jpg", "is_closed": false, "url": "https://www.yelp.com/biz/al-basha-restaurant-paterson-2?adjust_creative=5eN9XJbvGrZ_EWoOYuLppw&utm_campaign=yelp_api_v3&utm_medium=api_v3_business_search&utm_source=5eN9XJbvGrZ_EWoOYuLppw", "review_count": 495, "categories": [{"alias": "mideastern", "title": "Middle Eastern"}, {"alias": "newamerican", "title": "American (New)"}, {"alias": "breakfast_brunch", "title": "Breakfast & Brunch"}], "rating": 4.0, "coordinates": {"latitude": 40.8917483, "longitude": -74.156781}, "transactions": ["pickup", "delivery"], "price": "$$", "location": {"address1": "1076 Main St", "address2": "", "address3": "", "city": "Paterson", "zip_code": "07503", "country": "US", "state": "NJ", "display_address": ["1076 Main St", "Paterson, NJ 07503"]}, "phone": "+19733453700", "display_phone": "(973) 345-3700", "distance": 20950.789929447725}, {"id": "JhB5b1Z7wR1hfGCw3iUMRw", "alias": "roses-of-englewood-englewood", "name": "Rose's of Englewood", "image_url": "https://s3-media2.fl.yelpcdn.com/bphoto/orxwaWFwSoSkqKa5GBXQ2g/o.jpg", "is_closed": false, "url": "https://www.yelp.com/biz/roses-of-englewood-englewood?adjust_creative=5eN9XJbvGrZ_EWoOYuLppw&utm_campaign=yelp_api_v3&utm_medium=api_v3_business_search&utm_source=5eN9XJbvGrZ_EWoOYuLppw", "review_count": 84, "categories": [{"alias": "mideastern", "title": "Middle Eastern"}], "rating": 4.0, "coordinates": {"latitude": 40.8969841003418, "longitude": -73.971321105957}, "transactions": ["delivery"], "price": "$$", "location": {"address1": "126 Engle St", "address2": "", "address3": "", "city": "Englewood", "zip_code": "07631", "country": "US", "state": "NJ", "display_address": ["126 Engle St", "Englewood, NJ 07631"]}, "phone": "+12015410020", "display_phone": "(201) 541-0020", "distance": 15224.845663428949}, {"id": "Lst7wAYH_Dlxocz3nYPnow", "alias": "pera-soho-new-york", "name": "Pera Soho", "image_url": "https://s3-media2.fl.yelpcdn.com/bphoto/cdzO8Os67lWunMD8W07S0A/o.jpg", "is_closed": false, "url": "https://www.yelp.com/biz/pera-soho-new-york?adjust_creative=5eN9XJbvGrZ_EWoOYuLppw&utm_campaign=yelp_api_v3&utm_medium=api_v3_business_search&utm_source=5eN9XJbvGrZ_EWoOYuLppw", "review_count": 521, "categories": [{"alias": "mediterranean", "title": "Mediterranean"}, {"alias": "turkish", "title": "Turkish"}, {"alias": "breakfast_brunch", "title": "Breakfast & Brunch"}], "rating": 3.5, "coordinates": {"latitude": 40.7238251309896, "longitude": -74.0032896944427}, "transactions": ["pickup", "delivery"], "price": "$$$", "location": {"address1": "54 Thompson St", "address2": "", "address3": "", "city": "New York", "zip_code": "10012", "country": "US", "state": "NY", "display_address": ["54 Thompson St", "New York, NY 10012"]}, "phone": "+12128786305", "display_phone": "(212) 878-6305", "distance": 4553.520624996875}, {"id": "RS1qbaCAbI8_5gOloYs2pQ", "alias": "beirut-restaurant-clifton", "name": "Beirut Restaurant", "image_url": "https://s3-media4.fl.yelpcdn.com/bphoto/EKLTKY9r2tvwk0oqu3mkeQ/o.jpg", "is_closed": false, "url": "https://www.yelp.com/biz/beirut-restaurant-clifton?adjust_creative=5eN9XJbvGrZ_EWoOYuLppw&utm_campaign=yelp_api_v3&utm_medium=api_v3_business_search&utm_source=5eN9XJbvGrZ_EWoOYuLppw", "review_count": 189, "categories": [{"alias": "lebanese", "title": "Lebanese"}, {"alias": "hookah_bars", "title": "Hookah Bars"}], "rating": 3.5, "coordinates": {"latitude": 40.8860359191895, "longitude": -74.1508560180664}, "transactions": ["pickup", "delivery"], "price": "$$", "location": {"address1": "1543 Main Ave", "address2": "", "address3": "", "city": "Clifton", "zip_code": "07011", "country": "US", "state": "NJ", "display_address": ["1543 Main Ave", "Clifton, NJ 07011"]}, "phone": "+19739552311", "display_phone": "(973) 955-2311", "distance": 20151.148406790293}, {"id": "RneXujwL5Cx0dCTVCSbHYw", "alias": "empire-gyro-new-york", "name": "Empire Gyro", "image_url": "https://s3-media3.fl.yelpcdn.com/bphoto/5jEB3mRa0CQqeoyLh9v9JQ/o.jpg", "is_closed": false, "url": "https://www.yelp.com/biz/empire-gyro-new-york?adjust_creative=5eN9XJbvGrZ_EWoOYuLppw&utm_campaign=yelp_api_v3&utm_medium=api_v3_business_search&utm_source=5eN9XJbvGrZ_EWoOYuLppw", "review_count": 65, "categories": [{"alias": "mediterranean", "title": "Mediterranean"}, {"alias": "halal", "title": "Halal"}, {"alias": "turkish", "title": "Turkish"}], "rating": 3.0, "coordinates": {"latitude": 40.72246, "longitude": -73.98856}, "transactions": ["pickup", "delivery"], "price": "$$", "location": {"address1": "200 Allen St", "address2": "", "address3": null, "city": "New York", "zip_code": "10002", "country": "US", "state": "NY", "display_address": ["200 Allen St", "New York, NY 10002"]}, "phone": "+12127028682", "display_phone": "(212) 702-8682", "distance": 4278.762648655133}, {"id": "vfpOoIrPQXZ3KUydNpM2xQ", "alias": "balady-foods-brooklyn-4", "name": "Balady Foods", "image_url": "https://s3-media2.fl.yelpcdn.com/bphoto/XnjsTMxWyDg-a6USaa0INQ/o.jpg", "is_closed": false, "url": "https://www.yelp.com/biz/balady-foods-brooklyn-4?adjust_creative=5eN9XJbvGrZ_EWoOYuLppw&utm_campaign=yelp_api_v3&utm_medium=api_v3_business_search&utm_source=5eN9XJbvGrZ_EWoOYuLppw", "review_count": 69, "categories": [{"alias": "meats", "title": "Meat Shops"}, {"alias": "halal", "title": "Halal"}, {"alias": "intlgrocery", "title": "International Grocery"}], "rating": 4.5, "coordinates": {"latitude": 40.63199, "longitude": -74.02178}, "transactions": [], "price": "$$", "location": {"address1": "7128 5th Ave", "address2": null, "address3": "", "city": "Brooklyn", "zip_code": "11209", "country": "US", "state": "NY", "display_address": ["7128 5th Ave", "Brooklyn, NY 11209"]}, "phone": "+17185672252", "display_phone": "(718) 567-2252", "distance": 14713.634043233224}, {"id": "lMyJ9lrwRddpsOR_WeMSww", "alias": "gypsy-grill-jersey-city", "name": "Gypsy Grill", "image_url": "https://s3-media2.fl.yelpcdn.com/bphoto/tB0mYjLsKWDZ9IOVr2uvyQ/o.jpg", "is_closed": false, "url": "https://www.yelp.com/biz/gypsy-grill-jersey-city?adjust_creative=5eN9XJbvGrZ_EWoOYuLppw&utm_campaign=yelp_api_v3&utm_medium=api_v3_business_search&utm_source=5eN9XJbvGrZ_EWoOYuLppw", "review_count": 474, "categories": [{"alias": "mideastern", "title": "Middle Eastern"}, {"alias": "halal", "title": "Halal"}, {"alias": "kebab", "title": "Kebab"}], "rating": 4.0, "coordinates": {"latitude": 40.7212996, "longitude": -74.0457456}, "transactions": ["pickup", "delivery"], "price": "$", "location": {"address1": "187 Newark Ave", "address2": "", "address3": "", "city": "Jersey City", "zip_code": "07302", "country": "US", "state": "NJ", "display_address": ["187 Newark Ave", "Jersey City, NJ 07302"]}, "phone": "+12018395115", "display_phone": "(201) 839-5115", "distance": 7128.856936179006}, {"id": "PHSLZyubSphIawCILX-Kcg", "alias": "baraka-paterson", "name": "Baraka", "image_url": "https://s3-media1.fl.yelpcdn.com/bphoto/SZw5Y2dVLeQrJYVf96pz7A/o.jpg", "is_closed": false, "url": "https://www.yelp.com/biz/baraka-paterson?adjust_creative=5eN9XJbvGrZ_EWoOYuLppw&utm_campaign=yelp_api_v3&utm_medium=api_v3_business_search&utm_source=5eN9XJbvGrZ_EWoOYuLppw", "review_count": 58, "categories": [{"alias": "mideastern", "title": "Middle Eastern"}], "rating": 3.0, "coordinates": {"latitude": 40.8944199, "longitude": -74.1595}, "transactions": ["pickup", "delivery"], "price": "$", "location": {"address1": "976-978 Main St", "address2": "", "address3": "", "city": "Paterson", "zip_code": "07503", "country": "US", "state": "NJ", "display_address": ["976-978 Main St", "Paterson, NJ 07503"]}, "phone": "+19732780091", "display_phone": "(973) 278-0091", "distance": 21315.807664097785}, {"id": "xr5P1dq-2pfG4rag7kakDg", "alias": "abide-brooklyn-pita-brooklyn", "name": "Abide Brooklyn Pita", "image_url": "https://s3-media1.fl.yelpcdn.com/bphoto/8ui3O-mxwXVdywto8Tuxsg/o.jpg", "is_closed": false, "url": "https://www.yelp.com/biz/abide-brooklyn-pita-brooklyn?adjust_creative=5eN9XJbvGrZ_EWoOYuLppw&utm_campaign=yelp_api_v3&utm_medium=api_v3_business_search&utm_source=5eN9XJbvGrZ_EWoOYuLppw", "review_count": 93, "categories": [{"alias": "mediterranean", "title": "Mediterranean"}], "rating": 3.5, "coordinates": {"latitude": 40.6677219825185, "longitude": -73.9807175472379}, "transactions": ["pickup", "delivery"], "price": "$", "location": {"address1": "301 7th Ave", "address2": "", "address3": "", "city": "Brooklyn", "zip_code": "11215", "country": "US", "state": "NY", "display_address": ["301 7th Ave", "Brooklyn, NY 11215"]}, "phone": "+17188327482", "display_phone": "(718) 832-7482", "distance": 10286.430516997014}, {"id": "g_fetZwKrIdhd-RdZBZkdQ", "alias": "aziza-2-cafe-brooklyn-2", "name": "Aziza 2 cafe", "image_url": "https://s3-media4.fl.yelpcdn.com/bphoto/GgManI-cn6GCOJDABftZ1g/o.jpg", "is_closed": false, "url": "https://www.yelp.com/biz/aziza-2-cafe-brooklyn-2?adjust_creative=5eN9XJbvGrZ_EWoOYuLppw&utm_campaign=yelp_api_v3&utm_medium=api_v3_business_search&utm_source=5eN9XJbvGrZ_EWoOYuLppw", "review_count": 2, "categories": [{"alias": "uzbek", "title": "Uzbek"}], "rating": 1.5, "coordinates": {"latitude": 40.60822, "longitude": -73.96184}, "transactions": ["pickup", "delivery"], "location": {"address1": "2013 Coney Island", "address2": null, "address3": "", "city": "Brooklyn", "zip_code": "11223", "country": "US", "state": "NY", "display_address": ["2013 Coney Island", "Brooklyn, NY 11223"]}, "phone": "+13473125346", "display_phone": "(347) 312-5346", "distance": 16959.40778149131}, {"id": "9dv8_1ckGt6TLi9cJfhhSQ", "alias": "mazaj-paterson", "name": "Mazaj", "image_url": "https://s3-media3.fl.yelpcdn.com/bphoto/wDkKaifdUyKTyowCNMS3VA/o.jpg", "is_closed": false, "url": "https://www.yelp.com/biz/mazaj-paterson?adjust_creative=5eN9XJbvGrZ_EWoOYuLppw&utm_campaign=yelp_api_v3&utm_medium=api_v3_business_search&utm_source=5eN9XJbvGrZ_EWoOYuLppw", "review_count": 99, "categories": [{"alias": "lebanese", "title": "Lebanese"}, {"alias": "hookah_bars", "title": "Hookah Bars"}], "rating": 2.5, "coordinates": {"latitude": 40.898864, "longitude": -74.162177}, "transactions": ["pickup", "delivery"], "price": "$$", "location": {"address1": "1255 Madison Ave", "address2": "", "address3": "", "city": "Paterson", "zip_code": "07503", "country": "US", "state": "NJ", "display_address": ["1255 Madison Ave", "Paterson, NJ 07503"]}, "phone": "+19732787559", "display_phone": "(973) 278-7559", "distance": 21829.068208444718}]