[{"id": "CVxz9B5ncpMwVK1bk_c1YA", "alias": "veselka-new-york", "name": "Veselka", "image_url": "https://s3-media2.fl.yelpcdn.com/bphoto/f1RdxZKOM07-lytOMAHuSA/o.jpg", "is_closed": false, "url": "https://www.yelp.com/biz/veselka-new-york?adjust_creative=5eN9XJbvGrZ_EWoOYuLppw&utm_campaign=yelp_api_v3&utm_medium=api_v3_business_search&utm_source=5eN9XJbvGrZ_EWoOYuLppw", "review_count": 2559, "categories": [{"alias": "diners", "title": "Diners"}, {"alias": "ukrainian", "title": "Ukrainian"}], "rating": 4.0, "coordinates": {"latitude": 40.7289505004883, "longitude": -73.9869689941406}, "transactions": ["pickup", "delivery"], "price": "$$", "location": {"address1": "144 2nd Ave", "address2": "", "address3": "", "city": "New York", "zip_code": "10003", "country": "US", "state": "NY", "display_address": ["144 2nd Ave", "New York, NY 10003"]}, "phone": "+12122289682", "display_phone": "(212) 228-9682", "distance": 3551.245540961862}, {"id": "_lk_uxURy7g-R7TbrG6hww", "alias": "ukrainian-east-village-new-york", "name": "Ukrainian East Village", "image_url": "https://s3-media1.fl.yelpcdn.com/bphoto/Qu_KTMWye9kJozAriVMkjw/o.jpg", "is_closed": false, "url": "https://www.yelp.com/biz/ukrainian-east-village-new-york?adjust_creative=5eN9XJbvGrZ_EWoOYuLppw&utm_campaign=yelp_api_v3&utm_medium=api_v3_business_search&utm_source=5eN9XJbvGrZ_EWoOYuLppw", "review_count": 296, "categories": [{"alias": "ukrainian", "title": "Ukrainian"}], "rating": 4.0, "coordinates": {"latitude": 40.728847, "longitude": -73.987045}, "transactions": [], "price": "$$", "location": {"address1": "140 2nd Ave", "address2": "", "address3": "", "city": "New York", "zip_code": "10003", "country": "US", "state": "NY", "display_address": ["140 2nd Ave", "New York, NY 10003"]}, "phone": "+12126143283", "display_phone": "(212) 614-3283", "distance": 3561.1199954218114}, {"id": "IvaqBqN274GeNxMl8sz3Pg", "alias": "streecha-new-york", "name": "Streecha", "image_url": "https://s3-media2.fl.yelpcdn.com/bphoto/VbyG6gfsI8T3hcQZC5IVCA/o.jpg", "is_closed": false, "url": "https://www.yelp.com/biz/streecha-new-york?adjust_creative=5eN9XJbvGrZ_EWoOYuLppw&utm_campaign=yelp_api_v3&utm_medium=api_v3_business_search&utm_source=5eN9XJbvGrZ_EWoOYuLppw", "review_count": 134, "categories": [{"alias": "ukrainian", "title": "Ukrainian"}], "rating": 4.5, "coordinates": {"latitude": 40.728496, "longitude": -73.9889284}, "transactions": [], "price": "$", "location": {"address1": "33 E 7th St", "address2": "", "address3": "", "city": "New York", "zip_code": "10003", "country": "US", "state": "NY", "display_address": ["33 E 7th St", "New York, NY 10003"]}, "phone": "+12126777160", "display_phone": "(212) 677-7160", "distance": 3634.741135280752}, {"id": "V96jTnFqErW8sDrzpz1Apg", "alias": "odessa-restaurant-new-york-129", "name": "Odessa Restaurant", "image_url": "https://s3-media3.fl.yelpcdn.com/bphoto/EKJISnOo1vrPD7Hn3066VA/o.jpg", "is_closed": false, "url": "https://www.yelp.com/biz/odessa-restaurant-new-york-129?adjust_creative=5eN9XJbvGrZ_EWoOYuLppw&utm_campaign=yelp_api_v3&utm_medium=api_v3_business_search&utm_source=5eN9XJbvGrZ_EWoOYuLppw", "review_count": 357, "categories": [{"alias": "diners", "title": "Diners"}, {"alias": "ukrainian", "title": "Ukrainian"}, {"alias": "greek", "title": "Greek"}], "rating": 3.5, "coordinates": {"latitude": 40.7263299864, "longitude": -73.9834847979}, "transactions": ["pickup", "delivery"], "price": "$", "location": {"address1": "119 Ave A", "address2": "", "address3": "", "city": "New York", "zip_code": "10009", "country": "US", "state": "NY", "display_address": ["119 Ave A", "New York, NY 10009"]}, "phone": "+12122531482", "display_phone": "(212) 253-1482", "distance": 3791.1548083997477}, {"id": "btLgjl8CEgW2wvB0ZI-Aqg", "alias": "mari-vanna-new-york-2", "name": "Mari Vanna", "image_url": "https://s3-media3.fl.yelpcdn.com/bphoto/Fp_3cLy4_9NXgia8MhyMFg/o.jpg", "is_closed": false, "url": "https://www.yelp.com/biz/mari-vanna-new-york-2?adjust_creative=5eN9XJbvGrZ_EWoOYuLppw&utm_campaign=yelp_api_v3&utm_medium=api_v3_business_search&utm_source=5eN9XJbvGrZ_EWoOYuLppw", "review_count": 651, "categories": [{"alias": "russian", "title": "Russian"}], "rating": 4.0, "coordinates": {"latitude": 40.73878, "longitude": -73.98858}, "transactions": ["pickup", "delivery"], "price": "$$$", "location": {"address1": "41 E 20th St", "address2": "", "address3": "", "city": "New York", "zip_code": "10003", "country": "US", "state": "NY", "display_address": ["41 E 20th St", "New York, NY 10003"]}, "phone": "+12127771955", "display_phone": "(212) 777-1955", "distance": 2528.4258011783504}, {"id": "6Lz2pAw1LqIa7nKsRUT52A", "alias": "tzarevna-new-york", "name": "Tzarevna", "image_url": "https://s3-media3.fl.yelpcdn.com/bphoto/RC_O0W3eOJvYVQE4mqky4w/o.jpg", "is_closed": false, "url": "https://www.yelp.com/biz/tzarevna-new-york?adjust_creative=5eN9XJbvGrZ_EWoOYuLppw&utm_campaign=yelp_api_v3&utm_medium=api_v3_business_search&utm_source=5eN9XJbvGrZ_EWoOYuLppw", "review_count": 54, "categories": [{"alias": "russian", "title": "Russian"}, {"alias": "modern_european", "title": "Modern European"}, {"alias": "newamerican", "title": "American (New)"}], "rating": 4.5, "coordinates": {"latitude": 40.72082, "longitude": -73.98874}, "transactions": ["pickup", "delivery"], "price": "$$", "location": {"address1": "154 Orchard St", "address2": null, "address3": "", "city": "New York", "zip_code": "10002", "country": "US", "state": "NY", "display_address": ["154 Orchard St", "New York, NY 10002"]}, "phone": "+19173882814", "display_phone": "(917) 388-2814", "distance": 4467.618079400598}, {"id": "SvNoFlsMTcBzDv9OirfGZw", "alias": "little-poland-new-york", "name": "Little Poland", "image_url": "https://s3-media2.fl.yelpcdn.com/bphoto/-BOCjznTmhemc_ktoZUvEg/o.jpg", "is_closed": false, "url": "https://www.yelp.com/biz/little-poland-new-york?adjust_creative=5eN9XJbvGrZ_EWoOYuLppw&utm_campaign=yelp_api_v3&utm_medium=api_v3_business_search&utm_source=5eN9XJbvGrZ_EWoOYuLppw", "review_count": 308, "categories": [{"alias": "diners", "title": "Diners"}, {"alias": "polish", "title": "Polish"}], "rating": 4.0, "coordinates": {"latitude": 40.73119, "longitude": -73.9855199}, "transactions": ["pickup", "delivery"], "price": "$$", "location": {"address1": "200 2nd Ave", "address2": null, "address3": "", "city": "New York", "zip_code": "10003", "country": "US", "state": "NY", "display_address": ["200 2nd Ave", "New York, NY 10003"]}, "phone": "+12127779728", "display_phone": "(212) 777-9728", "distance": 3282.8911489204197}, {"id": "lSJD2Gcf9LjJqpLE7pUlWQ", "alias": "russian-samovar-restaurant-and-piano-bar-new-york-2", "name": "Russian Samovar Restaurant and Piano Bar", "image_url": "https://s3-media2.fl.yelpcdn.com/bphoto/qXz65WYRYbyz3pSkhpiobg/o.jpg", "is_closed": false, "url": "https://www.yelp.com/biz/russian-samovar-restaurant-and-piano-bar-new-york-2?adjust_creative=5eN9XJbvGrZ_EWoOYuLppw&utm_campaign=yelp_api_v3&utm_medium=api_v3_business_search&utm_source=5eN9XJbvGrZ_EWoOYuLppw", "review_count": 445, "categories": [{"alias": "russian", "title": "Russian"}, {"alias": "bars", "title": "Bars"}, {"alias": "pianobars", "title": "Piano Bars"}], "rating": 4.0, "coordinates": {"latitude": 40.7632, "longitude": -73.98469}, "transactions": ["pickup", "restaurant_reservation", "delivery"], "price": "$$", "location": {"address1": "256 W 52nd St", "address2": "", "address3": "", "city": "New York", "zip_code": "10019", "country": "US", "state": "NY", "display_address": ["256 W 52nd St", "New York, NY 10019"]}, "phone": "+12127570168", "display_phone": "(212) 757-0168", "distance": 618.5090328538038}, {"id": "JJluK3s0SKFv02LKZbl_kw", "alias": "old-traditional-polish-cuisine-new-york", "name": "Old Traditional Polish Cuisine", "image_url": "https://s3-media2.fl.yelpcdn.com/bphoto/ZwWpxOFWciypQOTvqcALJQ/o.jpg", "is_closed": false, "url": "https://www.yelp.com/biz/old-traditional-polish-cuisine-new-york?adjust_creative=5eN9XJbvGrZ_EWoOYuLppw&utm_campaign=yelp_api_v3&utm_medium=api_v3_business_search&utm_source=5eN9XJbvGrZ_EWoOYuLppw", "review_count": 63, "categories": [{"alias": "polish", "title": "Polish"}, {"alias": "foodtrucks", "title": "Food Trucks"}, {"alias": "catering", "title": "Caterers"}], "rating": 4.5, "coordinates": {"latitude": 40.7647053435302, "longitude": -73.9821391124684}, "transactions": [], "price": "$", "location": {"address1": "55TH St Broadway Ave", "address2": "", "address3": "", "city": "New York", "zip_code": "10020", "country": "US", "state": "NY", "display_address": ["55TH St Broadway Ave", "New York, NY 10020"]}, "phone": "+13474698867", "display_phone": "(347) 469-8867", "distance": 585.8595426989243}, {"id": "MbwsCB7echBlVwzfJ_9c9g", "alias": "old-tbilisi-garden-new-york-5", "name": "Old Tbilisi Garden", "image_url": "https://s3-media2.fl.yelpcdn.com/bphoto/3CA9aOWMJ0Wa6GhlzmmtgQ/o.jpg", "is_closed": false, "url": "https://www.yelp.com/biz/old-tbilisi-garden-new-york-5?adjust_creative=5eN9XJbvGrZ_EWoOYuLppw&utm_campaign=yelp_api_v3&utm_medium=api_v3_business_search&utm_source=5eN9XJbvGrZ_EWoOYuLppw", "review_count": 419, "categories": [{"alias": "modern_european", "title": "Modern European"}, {"alias": "wine_bars", "title": "Wine Bars"}, {"alias": "georgian", "title": "Georgian"}], "rating": 3.5, "coordinates": {"latitude": 40.7287707, "longitude": -74.0008161}, "transactions": ["pickup", "restaurant_reservation", "delivery"], "price": "$$", "location": {"address1": "174 Bleecker St", "address2": "", "address3": "", "city": "New York", "zip_code": "10012", "country": "US", "state": "NY", "display_address": ["174 Bleecker St", "New York, NY 10012"]}, "phone": "+12124706064", "display_phone": "(212) 470-6064", "distance": 3969.8034289085344}, {"id": "wJ9VnRlrJJP5QnVohBDjoA", "alias": "russian-vodka-room-new-york", "name": "Russian Vodka Room", "image_url": "https://s3-media3.fl.yelpcdn.com/bphoto/EJsBbPAFi6TqMN7C-RUCPA/o.jpg", "is_closed": false, "url": "https://www.yelp.com/biz/russian-vodka-room-new-york?adjust_creative=5eN9XJbvGrZ_EWoOYuLppw&utm_campaign=yelp_api_v3&utm_medium=api_v3_business_search&utm_source=5eN9XJbvGrZ_EWoOYuLppw", "review_count": 546, "categories": [{"alias": "lounges", "title": "Lounges"}, {"alias": "russian", "title": "Russian"}, {"alias": "jazzandblues", "title": "Jazz & Blues"}], "rating": 4.0, "coordinates": {"latitude": 40.76349, "longitude": -73.9848}, "transactions": [], "price": "$$", "location": {"address1": "265 W 52nd St", "address2": "", "address3": "", "city": "New York", "zip_code": "10019", "country": "US", "state": "NY", "display_address": ["265 W 52nd St", "New York, NY 10019"]}, "phone": "+12123075835", "display_phone": "(212) 307-5835", "distance": 634.9029495160531}, {"id": "qIDwDSiUMzzq-MWWirTQwQ", "alias": "anyway-cafe-new-york", "name": "Anyway Cafe", "image_url": "https://s3-media1.fl.yelpcdn.com/bphoto/0BNEWiFtiGGYFstW2La50A/o.jpg", "is_closed": false, "url": "https://www.yelp.com/biz/anyway-cafe-new-york?adjust_creative=5eN9XJbvGrZ_EWoOYuLppw&utm_campaign=yelp_api_v3&utm_medium=api_v3_business_search&utm_source=5eN9XJbvGrZ_EWoOYuLppw", "review_count": 223, "categories": [{"alias": "russian", "title": "Russian"}], "rating": 4.0, "coordinates": {"latitude": 40.7250017, "longitude": -73.9906009}, "transactions": [], "price": "$$", "location": {"address1": "32 E 2nd St", "address2": null, "address3": "", "city": "New York", "zip_code": "10003", "country": "US", "state": "NY", "display_address": ["32 E 2nd St", "New York, NY 10003"]}, "phone": "+12125333412", "display_phone": "(212) 533-3412", "distance": 4046.057410612375}, {"id": "tXZOJhUUknjTRRo9j4ckZg", "alias": "farida-central-asian-cuisine-and-grill-new-york-2", "name": "Farida Central Asian Cuisine & Grill", "image_url": "https://s3-media4.fl.yelpcdn.com/bphoto/zW9mXvMfv212Tdmkj4rOmw/o.jpg", "is_closed": false, "url": "https://www.yelp.com/biz/farida-central-asian-cuisine-and-grill-new-york-2?adjust_creative=5eN9XJbvGrZ_EWoOYuLppw&utm_campaign=yelp_api_v3&utm_medium=api_v3_business_search&utm_source=5eN9XJbvGrZ_EWoOYuLppw", "review_count": 300, "categories": [{"alias": "uzbek", "title": "Uzbek"}, {"alias": "russian", "title": "Russian"}, {"alias": "halal", "title": "Halal"}], "rating": 4.0, "coordinates": {"latitude": 40.75568, "longitude": -73.99441}, "transactions": ["pickup", "delivery"], "price": "$$", "location": {"address1": "498 9th Ave", "address2": null, "address3": "", "city": "New York", "zip_code": "10018", "country": "US", "state": "NY", "display_address": ["498 9th Ave", "New York, NY 10018"]}, "phone": "+16468632020", "display_phone": "(646) 863-2020", "distance": 1424.3679262327753}, {"id": "8kG7sCmIimbiG3_hjQfYZg", "alias": "matryoshka-new-york", "name": "Matryoshka", "image_url": "https://s3-media4.fl.yelpcdn.com/bphoto/sNhBmBhNg4ZyOXm1CkSZrw/o.jpg", "is_closed": false, "url": "https://www.yelp.com/biz/matryoshka-new-york?adjust_creative=5eN9XJbvGrZ_EWoOYuLppw&utm_campaign=yelp_api_v3&utm_medium=api_v3_business_search&utm_source=5eN9XJbvGrZ_EWoOYuLppw", "review_count": 23, "categories": [{"alias": "russian", "title": "Russian"}], "rating": 3.5, "coordinates": {"latitude": 40.7092569, "longitude": -74.0058865}, "transactions": ["pickup", "delivery"], "price": "$$", "location": {"address1": "88 Fulton St", "address2": "", "address3": "", "city": "New York", "zip_code": "10038", "country": "US", "state": "NY", "display_address": ["88 Fulton St", "New York, NY 10038"]}, "phone": "+12127668600", "display_phone": "(212) 766-8600", "distance": 6118.0842836133415}, {"id": "u-1o6fSvTnqLBtqFuLFqNw", "alias": "budapest-cafe-and-restaurant-new-york", "name": "Budapest Cafe and Restaurant", "image_url": "https://s3-media3.fl.yelpcdn.com/bphoto/trQg7ZazWcU4Te7yPIecLA/o.jpg", "is_closed": false, "url": "https://www.yelp.com/biz/budapest-cafe-and-restaurant-new-york?adjust_creative=5eN9XJbvGrZ_EWoOYuLppw&utm_campaign=yelp_api_v3&utm_medium=api_v3_business_search&utm_source=5eN9XJbvGrZ_EWoOYuLppw", "review_count": 249, "categories": [{"alias": "bakeries", "title": "Bakeries"}, {"alias": "hungarian", "title": "Hungarian"}, {"alias": "cafes", "title": "Cafes"}], "rating": 3.5, "coordinates": {"latitude": 40.77715, "longitude": -73.95264}, "transactions": [], "price": "$$", "location": {"address1": "1631 2nd Ave", "address2": null, "address3": "", "city": "New York", "zip_code": "10028", "country": "US", "state": "NY", "display_address": ["1631 2nd Ave", "New York, NY 10028"]}, "phone": "+12123271105", "display_phone": "(212) 327-1105", "distance": 2879.981419893855}, {"id": "ClK88VhNAqevlM8hSltcOA", "alias": "boon-european-bistro-new-york", "name": "Boon European Bistro", "image_url": "https://s3-media2.fl.yelpcdn.com/bphoto/ZiyAKKLgvewALKQ-2asEEw/o.jpg", "is_closed": false, "url": "https://www.yelp.com/biz/boon-european-bistro-new-york?adjust_creative=5eN9XJbvGrZ_EWoOYuLppw&utm_campaign=yelp_api_v3&utm_medium=api_v3_business_search&utm_source=5eN9XJbvGrZ_EWoOYuLppw", "review_count": 32, "categories": [{"alias": "modern_european", "title": "Modern European"}, {"alias": "breakfast_brunch", "title": "Breakfast & Brunch"}, {"alias": "cakeshop", "title": "Patisserie/Cake Shop"}], "rating": 4.5, "coordinates": {"latitude": 40.759747, "longitude": -73.992092}, "transactions": ["pickup", "delivery"], "price": "$$", "location": {"address1": "402 W 44th St", "address2": null, "address3": "", "city": "New York", "zip_code": "10036", "country": "US", "state": "NY", "display_address": ["402 W 44th St", "New York, NY 10036"]}, "phone": "+12122468880", "display_phone": "(212) 246-8880", "distance": 1144.643454778438}, {"id": "rZZRWEYLJZbF0OTmAgBYiA", "alias": "rondel-brooklyn", "name": "Rondel", "image_url": "https://s3-media2.fl.yelpcdn.com/bphoto/UuS8oRaJtLX2HBwM5U3Mpw/o.jpg", "is_closed": false, "url": "https://www.yelp.com/biz/rondel-brooklyn?adjust_creative=5eN9XJbvGrZ_EWoOYuLppw&utm_campaign=yelp_api_v3&utm_medium=api_v3_business_search&utm_source=5eN9XJbvGrZ_EWoOYuLppw", "review_count": 23, "categories": [{"alias": "ukrainian", "title": "Ukrainian"}, {"alias": "salad", "title": "Salad"}, {"alias": "seafood", "title": "Seafood"}], "rating": 4.5, "coordinates": {"latitude": 40.60828, "longitude": -73.9626}, "transactions": ["pickup"], "price": "$$", "location": {"address1": "2006 Coney Island Ave", "address2": null, "address3": "", "city": "Brooklyn", "zip_code": "11223", "country": "US", "state": "NY", "display_address": ["2006 Coney Island Ave", "Brooklyn, NY 11223"]}, "phone": "+13473719276", "display_phone": "(347) 371-9276", "distance": 16942.441152633397}, {"id": "a6SzfZ2F-uELmymusQVMBg", "alias": "karczma-brooklyn", "name": "Karczma", "image_url": "https://s3-media3.fl.yelpcdn.com/bphoto/Eq1HKex42BFN61jBgTbb0g/o.jpg", "is_closed": false, "url": "https://www.yelp.com/biz/karczma-brooklyn?adjust_creative=5eN9XJbvGrZ_EWoOYuLppw&utm_campaign=yelp_api_v3&utm_medium=api_v3_business_search&utm_source=5eN9XJbvGrZ_EWoOYuLppw", "review_count": 561, "categories": [{"alias": "polish", "title": "Polish"}], "rating": 4.5, "coordinates": {"latitude": 40.729977, "longitude": -73.955128}, "transactions": ["pickup"], "price": "$$", "location": {"address1": "136 Greenpoint Ave", "address2": "", "address3": "", "city": "Brooklyn", "zip_code": "11222", "country": "US", "state": "NY", "display_address": ["136 Greenpoint Ave", "Brooklyn, NY 11222"]}, "phone": "+17183491744", "display_phone": "(718) 349-1744", "distance": 3896.394992162843}, {"id": "CPtao9WHPnVJGUS0H4Txww", "alias": "taam-tov-new-york", "name": "Taam Tov", "image_url": "https://s3-media2.fl.yelpcdn.com/bphoto/KsZd_HzKg2qbpgY1LcBtpg/o.jpg", "is_closed": false, "url": "https://www.yelp.com/biz/taam-tov-new-york?adjust_creative=5eN9XJbvGrZ_EWoOYuLppw&utm_campaign=yelp_api_v3&utm_medium=api_v3_business_search&utm_source=5eN9XJbvGrZ_EWoOYuLppw", "review_count": 130, "categories": [{"alias": "kosher", "title": "Kosher"}, {"alias": "uzbek", "title": "Uzbek"}], "rating": 3.5, "coordinates": {"latitude": 40.757703, "longitude": -73.980522}, "transactions": ["pickup", "delivery"], "price": "$$", "location": {"address1": "41 W 47th St", "address2": "", "address3": "", "city": "New York", "zip_code": "10036", "country": "US", "state": "NY", "display_address": ["41 W 47th St", "New York, NY 10036"]}, "phone": "+12127688001", "display_phone": "(212) 768-8001", "distance": 327.1209405049848}, {"id": "_iJChYU1yfsvqRv9e5Ic0A", "alias": "krolewskie-jadlo-brooklyn", "name": "Krolewskie Jadlo", "image_url": "https://s3-media2.fl.yelpcdn.com/bphoto/BpM1eAaGzp8B23RlM5BsQw/o.jpg", "is_closed": false, "url": "https://www.yelp.com/biz/krolewskie-jadlo-brooklyn?adjust_creative=5eN9XJbvGrZ_EWoOYuLppw&utm_campaign=yelp_api_v3&utm_medium=api_v3_business_search&utm_source=5eN9XJbvGrZ_EWoOYuLppw", "review_count": 413, "categories": [{"alias": "polish", "title": "Polish"}], "rating": 4.0, "coordinates": {"latitude": 40.72532, "longitude": -73.95153}, "transactions": ["pickup", "delivery"], "price": "$$", "location": {"address1": "694 Manhattan Ave", "address2": null, "address3": "", "city": "Brooklyn", "zip_code": "11222", "country": "US", "state": "NY", "display_address": ["694 Manhattan Ave", "Brooklyn, NY 11222"]}, "phone": "+17183838993", "display_phone": "(718) 383-8993", "distance": 4499.111254951764}, {"id": "Itg3FiXNyf9NXKegy46Lwg", "alias": "taste-of-samarkand-middle-village", "name": "Taste of Samarkand", "image_url": "https://s3-media3.fl.yelpcdn.com/bphoto/6d0T8AhPSbb3ZlRlfCKCqw/o.jpg", "is_closed": false, "url": "https://www.yelp.com/biz/taste-of-samarkand-middle-village?adjust_creative=5eN9XJbvGrZ_EWoOYuLppw&utm_campaign=yelp_api_v3&utm_medium=api_v3_business_search&utm_source=5eN9XJbvGrZ_EWoOYuLppw", "review_count": 127, "categories": [{"alias": "uzbek", "title": "Uzbek"}, {"alias": "kosher", "title": "Kosher"}], "rating": 4.0, "coordinates": {"latitude": 40.7266223, "longitude": -73.870707}, "transactions": [], "price": "$$", "location": {"address1": "62-16 Woodhaven Blvd", "address2": null, "address3": "", "city": "Middle Village", "zip_code": "11374", "country": "US", "state": "NY", "display_address": ["62-16 Woodhaven Blvd", "Middle Village, NY 11374"]}, "phone": "+17186722121", "display_phone": "(718) 672-2121", "distance": 9832.64357024278}, {"id": "_L_zrbTjKf3KjWvp8gnb5Q", "alias": "pierogi-boys-brooklyn-2", "name": "Pierogi Boys", "image_url": "https://s3-media1.fl.yelpcdn.com/bphoto/7MNJdck-qCL2ORgJRcQDxg/o.jpg", "is_closed": false, "url": "https://www.yelp.com/biz/pierogi-boys-brooklyn-2?adjust_creative=5eN9XJbvGrZ_EWoOYuLppw&utm_campaign=yelp_api_v3&utm_medium=api_v3_business_search&utm_source=5eN9XJbvGrZ_EWoOYuLppw", "review_count": 95, "categories": [{"alias": "polish", "title": "Polish"}], "rating": 4.5, "coordinates": {"latitude": 40.691077, "longitude": -73.982954}, "transactions": ["pickup", "delivery"], "price": "$$", "location": {"address1": "445 Albee Square W", "address2": null, "address3": "at DeKalb Market Hall", "city": "Brooklyn", "zip_code": "11201", "country": "US", "state": "NY", "display_address": ["445 Albee Square W", "at DeKalb Market Hall", "Brooklyn, NY 11201"]}, "phone": "+19293602768", "display_phone": "(929) 360-2768", "distance": 7696.931561164145}, {"id": "K5j_HFzkS5QAgX7cgIO8Gg", "alias": "dziupla-brooklyn", "name": "Dziupla", "image_url": "https://s3-media3.fl.yelpcdn.com/bphoto/hgGxK0tl175m5Cg5bOhCLA/o.jpg", "is_closed": false, "url": "https://www.yelp.com/biz/dziupla-brooklyn?adjust_creative=5eN9XJbvGrZ_EWoOYuLppw&utm_campaign=yelp_api_v3&utm_medium=api_v3_business_search&utm_source=5eN9XJbvGrZ_EWoOYuLppw", "review_count": 209, "categories": [{"alias": "polish", "title": "Polish"}], "rating": 4.0, "coordinates": {"latitude": 40.7174732, "longitude": -73.9581543}, "transactions": ["pickup", "delivery"], "price": "$$", "location": {"address1": "194 Bedford Ave", "address2": null, "address3": "", "city": "Brooklyn", "zip_code": "11249", "country": "US", "state": "NY", "display_address": ["194 Bedford Ave", "Brooklyn, NY 11249"]}, "phone": "+17183886194", "display_phone": "(718) 388-6194", "distance": 5052.34301431197}, {"id": "rA1lLU5n84bCWLVBo3daDA", "alias": "pyza-brooklyn", "name": "Pyza", "image_url": "https://s3-media1.fl.yelpcdn.com/bphoto/nC1tBO3Ze06gXykw5ZQPgQ/o.jpg", "is_closed": false, "url": "https://www.yelp.com/biz/pyza-brooklyn?adjust_creative=5eN9XJbvGrZ_EWoOYuLppw&utm_campaign=yelp_api_v3&utm_medium=api_v3_business_search&utm_source=5eN9XJbvGrZ_EWoOYuLppw", "review_count": 89, "categories": [{"alias": "polish", "title": "Polish"}], "rating": 4.5, "coordinates": {"latitude": 40.724237, "longitude": -73.94878}, "transactions": [], "price": "$", "location": {"address1": "118 Nassau Ave", "address2": "", "address3": "", "city": "Brooklyn", "zip_code": "11222", "country": "US", "state": "NY", "display_address": ["118 Nassau Ave", "Brooklyn, NY 11222"]}, "phone": "+17183498829", "display_phone": "(718) 349-8829", "distance": 4717.426253878497}, {"id": "SYTBg4SzYuZxrxK3YDU2xg", "alias": "cheburechnaya-rego-park", "name": "Cheburechnaya", "image_url": "https://s3-media3.fl.yelpcdn.com/bphoto/YIWVRfVWbG4YnHiG-BxXTw/o.jpg", "is_closed": false, "url": "https://www.yelp.com/biz/cheburechnaya-rego-park?adjust_creative=5eN9XJbvGrZ_EWoOYuLppw&utm_campaign=yelp_api_v3&utm_medium=api_v3_business_search&utm_source=5eN9XJbvGrZ_EWoOYuLppw", "review_count": 253, "categories": [{"alias": "kosher", "title": "Kosher"}, {"alias": "russian", "title": "Russian"}, {"alias": "uzbek", "title": "Uzbek"}], "rating": 4.0, "coordinates": {"latitude": 40.7275992341691, "longitude": -73.8640816882253}, "transactions": ["pickup", "delivery"], "price": "$$", "location": {"address1": "9209 63rd Dr", "address2": "Ste A", "address3": "", "city": "Rego Park", "zip_code": "11374", "country": "US", "state": "NY", "display_address": ["9209 63rd Dr", "Ste A", "Rego Park, NY 11374"]}, "phone": "+17188979080", "display_phone": "(718) 897-9080", "distance": 10298.888733989836}, {"id": "eIbKiQuExi12NcGeqMzQAw", "alias": "babas-pierogies-brooklyn", "name": "Baba's Pierogies", "image_url": "https://s3-media1.fl.yelpcdn.com/bphoto/LpSQQDCxYapJWk065wJjCQ/o.jpg", "is_closed": false, "url": "https://www.yelp.com/biz/babas-pierogies-brooklyn?adjust_creative=5eN9XJbvGrZ_EWoOYuLppw&utm_campaign=yelp_api_v3&utm_medium=api_v3_business_search&utm_source=5eN9XJbvGrZ_EWoOYuLppw", "review_count": 388, "categories": [{"alias": "modern_european", "title": "Modern European"}, {"alias": "slovakian", "title": "Slovakian"}], "rating": 4.5, "coordinates": {"latitude": 40.67687, "longitude": -73.98633}, "transactions": ["pickup", "delivery"], "price": "$$", "location": {"address1": "295 3rd Ave", "address2": "", "address3": "", "city": "Brooklyn", "zip_code": "11215", "country": "US", "state": "NY", "display_address": ["295 3rd Ave", "Brooklyn, NY 11215"]}, "phone": "+17182220777", "display_phone": "(718) 222-0777", "distance": 9294.793948878618}, {"id": "yKOTFgZmTFeas8Pvt077vA", "alias": "the-russian-tea-room-new-york", "name": "The Russian Tea Room", "image_url": "https://s3-media3.fl.yelpcdn.com/bphoto/fVA-wOVStNIIEu5LI65Fpw/o.jpg", "is_closed": false, "url": "https://www.yelp.com/biz/the-russian-tea-room-new-york?adjust_creative=5eN9XJbvGrZ_EWoOYuLppw&utm_campaign=yelp_api_v3&utm_medium=api_v3_business_search&utm_source=5eN9XJbvGrZ_EWoOYuLppw", "review_count": 1001, "categories": [{"alias": "tea", "title": "Tea Rooms"}, {"alias": "russian", "title": "Russian"}, {"alias": "venues", "title": "Venues & Event Spaces"}], "rating": 3.0, "coordinates": {"latitude": 40.764958, "longitude": -73.9794337}, "transactions": ["pickup", "delivery"], "price": "$$$$", "location": {"address1": "150 W 57th St", "address2": null, "address3": "", "city": "New York", "zip_code": "10019", "country": "US", "state": "NY", "display_address": ["150 W 57th St", "New York, NY 10019"]}, "phone": "+12125817100", "display_phone": "(212) 581-7100", "distance": 533.2326032622334}, {"id": "GFzGPU82PvdnCBBz0jFmSA", "alias": "nadezhda-restaurant-forest-hills", "name": "Nadezhda Restaurant", "image_url": "https://s3-media2.fl.yelpcdn.com/bphoto/5uJB1TpxWligYzzX3GkTUQ/o.jpg", "is_closed": false, "url": "https://www.yelp.com/biz/nadezhda-restaurant-forest-hills?adjust_creative=5eN9XJbvGrZ_EWoOYuLppw&utm_campaign=yelp_api_v3&utm_medium=api_v3_business_search&utm_source=5eN9XJbvGrZ_EWoOYuLppw", "review_count": 12, "categories": [{"alias": "kosher", "title": "Kosher"}, {"alias": "russian", "title": "Russian"}, {"alias": "afghani", "title": "Afghan"}], "rating": 4.0, "coordinates": {"latitude": 40.7327028682273, "longitude": -73.8495482395547}, "transactions": ["pickup", "delivery"], "price": "$$", "location": {"address1": "64-06 108th St", "address2": "", "address3": "", "city": "Forest Hills", "zip_code": "11375", "country": "US", "state": "NY", "display_address": ["64-06 108th St", "Forest Hills, NY 11375"]}, "phone": "+17183806666", "display_phone": "(718) 380-6666", "distance": 11257.695013378216}, {"id": "D6TdQlTfwOddaX91f87Cvw", "alias": "vstrecha-glatt-kosher-rego-park", "name": "Vstrecha Glatt Kosher", "image_url": "https://s3-media3.fl.yelpcdn.com/bphoto/13c44vOEPe5jI29L_Pl8pg/o.jpg", "is_closed": false, "url": "https://www.yelp.com/biz/vstrecha-glatt-kosher-rego-park?adjust_creative=5eN9XJbvGrZ_EWoOYuLppw&utm_campaign=yelp_api_v3&utm_medium=api_v3_business_search&utm_source=5eN9XJbvGrZ_EWoOYuLppw", "review_count": 10, "categories": [{"alias": "russian", "title": "Russian"}, {"alias": "kosher", "title": "Kosher"}], "rating": 4.0, "coordinates": {"latitude": 40.7271588, "longitude": -73.8548763}, "transactions": [], "price": "$$", "location": {"address1": "98-98 Queens Blvd", "address2": "", "address3": "", "city": "Rego Park", "zip_code": "11374", "country": "US", "state": "NY", "display_address": ["98-98 Queens Blvd", "Rego Park, NY 11374"]}, "phone": "+17182634444", "display_phone": "(718) 263-4444", "distance": 11044.338670149595}, {"id": "bh_I5H4LYQNrJw5T9-lhVQ", "alias": "elza-fancy-food-brooklyn", "name": "Elza Fancy Food", "image_url": "https://s3-media3.fl.yelpcdn.com/bphoto/27p1xQV2X8Mmy2ihr9mwIg/o.jpg", "is_closed": false, "url": "https://www.yelp.com/biz/elza-fancy-food-brooklyn?adjust_creative=5eN9XJbvGrZ_EWoOYuLppw&utm_campaign=yelp_api_v3&utm_medium=api_v3_business_search&utm_source=5eN9XJbvGrZ_EWoOYuLppw", "review_count": 47, "categories": [{"alias": "uzbek", "title": "Uzbek"}, {"alias": "korean", "title": "Korean"}], "rating": 4.5, "coordinates": {"latitude": 40.6056042015553, "longitude": -74.0006862580776}, "transactions": ["pickup", "delivery"], "price": "$", "location": {"address1": "8611 19th Ave", "address2": "", "address3": "", "city": "Brooklyn", "zip_code": "11214", "country": "US", "state": "NY", "display_address": ["8611 19th Ave", "Brooklyn, NY 11214"]}, "phone": "+17182341940", "display_phone": "(718) 234-1940", "distance": 17295.06838342478}, {"id": "KY9HMKk4kl6uFz_6fiG1Gg", "alias": "polonica-restaurant-brooklyn", "name": "Polonica Restaurant", "image_url": "https://s3-media1.fl.yelpcdn.com/bphoto/7kFC9XYyTk-0cHbdHL4iQA/o.jpg", "is_closed": false, "url": "https://www.yelp.com/biz/polonica-restaurant-brooklyn?adjust_creative=5eN9XJbvGrZ_EWoOYuLppw&utm_campaign=yelp_api_v3&utm_medium=api_v3_business_search&utm_source=5eN9XJbvGrZ_EWoOYuLppw", "review_count": 180, "categories": [{"alias": "polish", "title": "Polish"}, {"alias": "tradamerican", "title": "American (Traditional)"}], "rating": 4.5, "coordinates": {"latitude": 40.62546, "longitude": -74.02995}, "transactions": ["pickup", "delivery"], "price": "$$", "location": {"address1": "8303 3rd Ave", "address2": "", "address3": "", "city": "Brooklyn", "zip_code": "11209", "country": "US", "state": "NY", "display_address": ["8303 3rd Ave", "Brooklyn, NY 11209"]}, "phone": "+17186305805", "display_phone": "(718) 630-5805", "distance": 15597.475913728367}, {"id": "QRbD99HVMffeto7_Hq67CQ", "alias": "korzo-brooklyn", "name": "Korzo", "image_url": "https://s3-media4.fl.yelpcdn.com/bphoto/vWqpYCFk7XUNfunv5MHjXg/o.jpg", "is_closed": false, "url": "https://www.yelp.com/biz/korzo-brooklyn?adjust_creative=5eN9XJbvGrZ_EWoOYuLppw&utm_campaign=yelp_api_v3&utm_medium=api_v3_business_search&utm_source=5eN9XJbvGrZ_EWoOYuLppw", "review_count": 452, "categories": [{"alias": "modern_european", "title": "Modern European"}, {"alias": "burgers", "title": "Burgers"}], "rating": 4.0, "coordinates": {"latitude": 40.66199, "longitude": -73.99238}, "transactions": ["pickup"], "price": "$$", "location": {"address1": "667 5th Ave", "address2": "", "address3": "", "city": "Brooklyn", "zip_code": "11215", "country": "US", "state": "NY", "display_address": ["667 5th Ave", "Brooklyn, NY 11215"]}, "phone": "+17184991199", "display_phone": "(718) 499-1199", "distance": 10981.054431378341}, {"id": "A0GVSLdYCEIr-yLZnqhJkg", "alias": "marani-rego-park-5", "name": "Marani", "image_url": "https://s3-media4.fl.yelpcdn.com/bphoto/dYsMdryXaZw5dTsj0hqaJQ/o.jpg", "is_closed": false, "url": "https://www.yelp.com/biz/marani-rego-park-5?adjust_creative=5eN9XJbvGrZ_EWoOYuLppw&utm_campaign=yelp_api_v3&utm_medium=api_v3_business_search&utm_source=5eN9XJbvGrZ_EWoOYuLppw", "review_count": 247, "categories": [{"alias": "mediterranean", "title": "Mediterranean"}, {"alias": "kosher", "title": "Kosher"}, {"alias": "georgian", "title": "Georgian"}], "rating": 4.5, "coordinates": {"latitude": 40.731202, "longitude": -73.859833}, "transactions": ["pickup", "delivery"], "price": "$$", "location": {"address1": "97-26 63rd Rd", "address2": "", "address3": "", "city": "Rego Park", "zip_code": "11374", "country": "US", "state": "NY", "display_address": ["97-26 63rd Rd", "Rego Park, NY 11374"]}, "phone": "+17185690600", "display_phone": "(718) 569-0600", "distance": 10504.51614748658}, {"id": "n8sDrOo5oOlhTS7eYkiZpA", "alias": "christinas-brooklyn", "name": "Christina's", "image_url": "https://s3-media4.fl.yelpcdn.com/bphoto/te02p8AeMSNxNCOtBI_ftw/o.jpg", "is_closed": false, "url": "https://www.yelp.com/biz/christinas-brooklyn?adjust_creative=5eN9XJbvGrZ_EWoOYuLppw&utm_campaign=yelp_api_v3&utm_medium=api_v3_business_search&utm_source=5eN9XJbvGrZ_EWoOYuLppw", "review_count": 147, "categories": [{"alias": "polish", "title": "Polish"}], "rating": 3.5, "coordinates": {"latitude": 40.7291, "longitude": -73.95406}, "transactions": [], "price": "$$", "location": {"address1": "853 Manhattan Ave", "address2": "", "address3": "", "city": "Brooklyn", "zip_code": "11222", "country": "US", "state": "NY", "display_address": ["853 Manhattan Ave", "Brooklyn, NY 11222"]}, "phone": "+17183834382", "display_phone": "(718) 383-4382", "distance": 4027.417803806325}, {"id": "StN5iogEjup2MWAzwaGDig", "alias": "royal-warsaw-restaurant-elmwood-park", "name": "Royal Warsaw Restaurant", "image_url": "https://s3-media2.fl.yelpcdn.com/bphoto/LJyfS5gdpkjk4EsTE6M4wg/o.jpg", "is_closed": false, "url": "https://www.yelp.com/biz/royal-warsaw-restaurant-elmwood-park?adjust_creative=5eN9XJbvGrZ_EWoOYuLppw&utm_campaign=yelp_api_v3&utm_medium=api_v3_business_search&utm_source=5eN9XJbvGrZ_EWoOYuLppw", "review_count": 222, "categories": [{"alias": "polish", "title": "Polish"}, {"alias": "modern_european", "title": "Modern European"}, {"alias": "burgers", "title": "Burgers"}], "rating": 4.0, "coordinates": {"latitude": 40.89127, "longitude": -74.12705}, "transactions": ["delivery"], "price": "$$", "location": {"address1": "871 River Dr", "address2": "", "address3": "", "city": "Elmwood Park", "zip_code": "07407", "country": "US", "state": "NJ", "display_address": ["871 River Dr", "Elmwood Park, NJ 07407"]}, "phone": "+12017949277", "display_phone": "(201) 794-9277", "distance": 19204.281434975463}, {"id": "kuUQ4vHtVDhmcwMO_zmW4A", "alias": "chefskis-polish-home-made-cooking-wallington", "name": "Chefski's Polish Home Made Cooking", "image_url": "https://s3-media3.fl.yelpcdn.com/bphoto/VT7EcISxRIdpYUYEqeysAA/o.jpg", "is_closed": false, "url": "https://www.yelp.com/biz/chefskis-polish-home-made-cooking-wallington?adjust_creative=5eN9XJbvGrZ_EWoOYuLppw&utm_campaign=yelp_api_v3&utm_medium=api_v3_business_search&utm_source=5eN9XJbvGrZ_EWoOYuLppw", "review_count": 48, "categories": [{"alias": "polish", "title": "Polish"}, {"alias": "soup", "title": "Soup"}, {"alias": "creperies", "title": "Creperies"}], "rating": 4.0, "coordinates": {"latitude": 40.8593740378521, "longitude": -74.104877887882}, "transactions": ["delivery"], "price": "$", "location": {"address1": "360 Main Ave", "address2": "", "address3": "", "city": "Wallington", "zip_code": "07057", "country": "US", "state": "NJ", "display_address": ["360 Main Ave", "Wallington, NJ 07057"]}, "phone": "+19734714193", "display_phone": "(973) 471-4193", "distance": 15323.355416497738}, {"id": "scJdeBOpASetPOl82NkJFQ", "alias": "polka-dot-greenpoint", "name": "Polka Dot", "image_url": "https://s3-media2.fl.yelpcdn.com/bphoto/H_kgVu0lBqDVR0MHPMVTaQ/o.jpg", "is_closed": false, "url": "https://www.yelp.com/biz/polka-dot-greenpoint?adjust_creative=5eN9XJbvGrZ_EWoOYuLppw&utm_campaign=yelp_api_v3&utm_medium=api_v3_business_search&utm_source=5eN9XJbvGrZ_EWoOYuLppw", "review_count": 67, "categories": [{"alias": "polish", "title": "Polish"}], "rating": 4.0, "coordinates": {"latitude": 40.7261728595935, "longitude": -73.9519984757585}, "transactions": ["pickup", "delivery"], "price": "$", "location": {"address1": "726 Manhattan Ave", "address2": "", "address3": "", "city": "Greenpoint", "zip_code": "11222", "country": "US", "state": "NY", "display_address": ["726 Manhattan Ave", "Greenpoint, NY 11222"]}, "phone": "+17183492884", "display_phone": "(718) 349-2884", "distance": 4394.693518648521}, {"id": "jNXFOOaOrQMDcLtJGo5MJA", "alias": "belka-european-delicatessen-brooklyn-7", "name": "Belka European Delicatessen", "image_url": "https://s3-media2.fl.yelpcdn.com/bphoto/b-n9TFA-KhGpv9FiXI6FGw/o.jpg", "is_closed": false, "url": "https://www.yelp.com/biz/belka-european-delicatessen-brooklyn-7?adjust_creative=5eN9XJbvGrZ_EWoOYuLppw&utm_campaign=yelp_api_v3&utm_medium=api_v3_business_search&utm_source=5eN9XJbvGrZ_EWoOYuLppw", "review_count": 13, "categories": [{"alias": "delis", "title": "Delis"}, {"alias": "importedfood", "title": "Imported Food"}, {"alias": "russian", "title": "Russian"}], "rating": 4.5, "coordinates": {"latitude": 40.60579, "longitude": -73.99662}, "transactions": ["pickup"], "price": "$", "location": {"address1": "8319 20th Ave", "address2": null, "address3": null, "city": "Brooklyn", "zip_code": "11214", "country": "US", "state": "NY", "display_address": ["8319 20th Ave", "Brooklyn, NY 11214"]}, "phone": "+17183330535", "display_phone": "(718) 333-0535", "distance": 17236.406149849543}, {"id": "TK1rbgBEPQWyxF4pu973oQ", "alias": "chriss-restaurant-brooklyn", "name": "Chris's Restaurant", "image_url": "https://s3-media1.fl.yelpcdn.com/bphoto/EApZ0PDpJl4N3OyhChOWhQ/o.jpg", "is_closed": false, "url": "https://www.yelp.com/biz/chriss-restaurant-brooklyn?adjust_creative=5eN9XJbvGrZ_EWoOYuLppw&utm_campaign=yelp_api_v3&utm_medium=api_v3_business_search&utm_source=5eN9XJbvGrZ_EWoOYuLppw", "review_count": 69, "categories": [{"alias": "polish", "title": "Polish"}, {"alias": "newamerican", "title": "American (New)"}, {"alias": "seafood", "title": "Seafood"}], "rating": 4.0, "coordinates": {"latitude": 40.60617, "longitude": -74.00116}, "transactions": ["pickup", "delivery"], "price": "$$", "location": {"address1": "1866 86th St", "address2": "", "address3": "", "city": "Brooklyn", "zip_code": "11214", "country": "US", "state": "NY", "display_address": ["1866 86th St", "Brooklyn, NY 11214"]}, "phone": "+13474623755", "display_phone": "(347) 462-3755", "distance": 17241.924378759337}, {"id": "fDss6KMTdTNQ9QUlRx7p1w", "alias": "iveria-brooklyn", "name": "Iveria", "image_url": "https://s3-media1.fl.yelpcdn.com/bphoto/NVtcp93-2n5L7KmUDXPgGw/o.jpg", "is_closed": false, "url": "https://www.yelp.com/biz/iveria-brooklyn?adjust_creative=5eN9XJbvGrZ_EWoOYuLppw&utm_campaign=yelp_api_v3&utm_medium=api_v3_business_search&utm_source=5eN9XJbvGrZ_EWoOYuLppw", "review_count": 1, "categories": [{"alias": "georgian", "title": "Georgian"}], "rating": 1.0, "coordinates": {"latitude": 40.61075, "longitude": -73.96213}, "transactions": ["pickup", "delivery"], "location": {"address1": "1915 Coney Island Ave", "address2": null, "address3": "", "city": "Brooklyn", "zip_code": "11230", "country": "US", "state": "NY", "display_address": ["1915 Coney Island Ave", "Brooklyn, NY 11230"]}, "phone": "+17187585544", "display_phone": "(718) 758-5544", "distance": 16675.754144700823}]